,Date,Open,High,Low,Close,Volume,Split Factor,Earnings,Dividends
a,2016-03-24,39.16,39.46,38.89,39.45,786809.0,1.0,0,0.0
aa,2016-03-24,9.18,9.61,9.04,9.56,19833532.99999997,1.0,0,0.0
aal,2016-03-24,41.91,41.95,40.19,40.49,11777876.0,1.0,0,0.0
aap,2016-03-24,160.99,162.09,159.81,161.75,674856.0000000015,1.0,0,0.0
aapl,2016-03-24,105.44,106.25,104.89,105.66,23448634.99999994,1.0,0,0.0
abbv,2016-03-24,56.09,56.25,55.67,56.14,4131252.0,1.0,0,0.0
abc,2016-03-24,86.86,87.25,85.9401,86.2,2139906.000000001,1.0,0,0.0
abt,2016-03-24,40.64,40.9,40.36,40.77,3176954.0,1.0,0,0.0
abx,2016-03-24,13.38,13.67,13.24,13.56,12385606.0,1.0,0,0.0
acas,2016-03-24,14.79,15.15,14.7,15.04,1022266.0,1.0,0,0.0
ace,2016-01-14,110.44,112.35,109.81,109.87,7700455.0,1.0,0,0.0
acn,2016-03-24,108.79,114.44,108.62,114.3,6000094.0,1.0,0,0.0
adbe,2016-03-24,91.5,92.74,91.5,92.52,2983679.0,1.0,0,0.0
adi,2016-03-24,58.05,58.65,57.67,58.635,1600409.0,1.0,0,0.0
adm,2016-03-24,36.3,36.73,35.83,36.48,3115133.000000002,1.0,0,0.0
adp,2016-03-24,88.23,88.77,87.77,88.75,892452.0,1.0,0,0.0
ads,2016-03-24,209.42,212.36,207.11,211.78,519443.0,1.0,0,0.0
adsk,2016-03-24,56.96,57.53,56.17,57.36,1056455.0,1.0,0,0.0
adt,2016-03-24,40.97,41.15,40.95,41.1,1183809.0,1.0,0,0.0
aee,2016-03-24,48.82,49.28,48.68,49.24,993100.000000002,1.0,0,0.0
aep,2016-03-24,65.02,65.4,64.765,65.07,3611306.9999999967,1.0,0,0.0
aes,2016-03-24,11.24,11.58,11.16,11.56,5939986.999999997,1.0,0,0.0
aet,2016-03-24,111.37,112.96,111.22,112.41,1862876.0,1.0,0,0.0
afl,2016-03-24,62.94,62.94,62.34,62.69,1529747.999999999,1.0,0,0.0
agn,2016-03-24,279.77,281.28,278.05,279.46,2048891.0,1.0,0,0.0
aig,2016-03-24,52.97,53.06,52.54,52.99,5202678.0000000065,1.0,0,0.0
aiv,2016-03-24,40.26,40.44,39.94,40.38,682300.9999999981,1.0,0,0.0
aiz,2016-03-24,77.67,77.91,76.41,77.18,583913.0,1.0,0,0.0
akam,2016-03-24,54.65,55.13,54.41,54.84,1163597.0,1.0,0,0.0
aks,2016-03-24,3.98,4.17,3.76,4.16,9000982.0,1.0,0,0.0
all,2016-03-24,66.47,66.5,65.94,66.18,1242273.000000002,1.0,0,0.0
alle,2016-03-24,63.23,63.38,62.69,63.15,384737.0000000002,1.0,0,0.0
alxn,2016-03-24,132.88,136.37,130.37,133.19,1102870.0,1.0,0,0.0
amat,2016-03-24,20.05,20.28,19.71,20.15,11406378.0,1.0,0,0.0
amcc,2016-03-24,6.2,6.4,6.15,6.4,339533.0,1.0,0,0.0
amd,2016-03-24,2.69,2.81,2.62,2.79,9791175.0,1.0,0,0.0
ame,2016-03-24,49.09,49.24,48.69,49.08,732725.9999999991,1.0,0,0.0
amg,2016-03-24,156.66,157.55,154.6,157.42,354298.0,1.0,0,0.0
amgn,2016-03-24,148.17,150.96,147.6,149.225,2528331.0,1.0,0,0.0
amp,2016-03-24,91.4,92.01,90.6501,91.97,1519381.0,1.0,0,0.0
amt,2016-03-24,99.4,100.62,98.86,100.35,1226510.0,1.0,0,0.0
amzn,2016-03-24,567.11,583.55,566.13,582.95,4922119.0,1.0,0,0.0
an,2016-03-24,47.85,48.04,47.07,47.985,741720.0,1.0,0,0.0
anf,2016-03-24,30.74,31.54,30.58,31.42,1410744.9999999981,1.0,0,0.0
antm,2016-03-24,138.57,140.0,137.78,139.96,1139141.999999999,1.0,0,0.0
aon,2016-03-24,100.03,101.32,99.67,101.13,2074006.000000001,1.0,0,0.0
apa,2016-03-24,47.01,48.86,46.58,48.85,4253317.999999996,1.0,0,0.0
apc,2016-03-24,44.88,46.5,44.34,46.29,7476686.000000004,1.0,0,0.0
apd,2016-03-24,144.04,144.36,141.32,141.77,1042053.0,1.0,0,0.0
aph,2016-03-24,56.62,57.43,56.3205,57.17,1337737.9999999986,1.0,0,0.0
apol,2016-03-24,8.23,8.32,8.16,8.26,918487.0,1.0,0,0.0
arg,2016-03-24,141.68,141.86,141.51,141.85,299267.0,1.0,0,0.0
ash,2016-03-24,106.89,107.35,105.71,107.23,466610.00000000047,1.0,0,0.0
ati,2016-03-24,15.56,16.2,15.352,16.1992,1339297.000000001,1.0,0,0.0
atvi,2016-03-24,32.1781,32.2872,31.6524,31.95,3534760.442999993,1.0,0,0.0
avb,2016-03-24,185.1,185.58,183.84,185.14,329647.0,1.0,0,0.0
avgo,2016-03-24,151.81,153.29,151.12,153.0,2355608.000000002,1.0,0,0.0
avp,2016-03-24,4.32,4.34,4.0,4.27,5763083.0,1.0,0,0.0
avy,2016-03-24,71.04,71.48,70.73,70.97,405709.99999999907,1.0,0,0.0
axp,2016-03-24,60.22,60.5386,59.59,60.49,3184483.0,1.0,0,0.0
azo,2016-03-24,803.48,808.4889999999998,798.31,803.2,233508.0,1.0,0,0.0
ba,2016-03-24,131.64,132.23,130.02,132.12,4219192.0000000065,1.0,0,0.0
bac,2016-03-24,13.41,13.7098,13.27,13.67,86111559.99999976,1.0,0,0.0
bax,2016-03-24,40.36,40.51,39.9,40.1,3775147.000000002,1.0,0,0.0
bbby,2016-03-24,49.51,49.7599,48.75,49.4,870768.0,1.0,0,0.0
bbt,2016-03-24,33.92,33.92,33.43,33.7,3947315.9999999963,1.0,0,0.0
bby,2016-03-24,31.44,31.66,31.0,31.27,2524232.0,1.0,0,0.0
bc,2016-03-24,45.84,46.83,45.4077,46.78,605922.9999999981,1.0,0,0.0
bcr,2016-03-24,198.03,198.65,196.28,198.25,287242.0,1.0,0,0.0
bdx,2016-03-24,148.49,149.28,147.74,149.12,552596.0000000009,1.0,0,0.0
ben,2016-03-24,38.06,38.14,37.675,38.1,2638548.0,1.0,0,0.0
bf.b,2016-03-24,96.35,97.24,96.04,96.45,295109.00000000023,1.0,0,0.0
bgg,2016-03-24,23.12,23.18,22.82,23.1,309942.9999999993,1.0,0,0.0
bhi,2016-03-24,44.27,44.85,43.7575,44.71,2293546.999999998,1.0,0,0.0
big,2016-03-24,43.51,44.54,43.24,44.22,726031.0000000006,1.0,0,0.0
biib,2016-03-24,253.79,257.54,251.13,254.69,979154.0,1.0,0,0.0
bk,2016-03-24,37.09,37.32,36.8,37.26,3256567.0,1.0,0,0.0
blk,2016-03-24,336.47,337.0,331.73,334.28,615882.0000000005,1.0,0,0.0
bll,2016-03-24,70.11,70.54,69.57,70.23,593401.0,1.0,0,0.0
bms,2016-03-24,51.91,52.18,51.47,51.85,480122.00000000047,1.0,0,0.0
bmy,2016-03-24,62.16,62.56,61.73,62.55,3985603.0,1.0,0,0.0
brcm,2016-01-29,54.54,54.74,54.52,54.67,7888393.0,1.0,0,0.0
brk.b,2016-03-24,140.52,140.6,139.56,140.14,2955158.0,1.0,0,0.0
bsx,2016-03-24,18.03,18.07,17.78,17.95,3793074.0,1.0,0,0.0
btu,2016-03-24,2.32,2.785,2.29,2.555,2513566.0,1.0,0,0.0
bvsn,2016-03-24,6.32,6.87,6.1201,6.8679999999999986,23892.0,1.0,0,0.0
bwa,2016-03-24,36.17,36.92,35.81,36.91,1328634.0,1.0,0,0.0
bxlt,2016-03-24,39.84,40.34,39.71,40.07,8971036.0,1.0,0,0.0
bxp,2016-03-24,123.78,124.25,122.35,123.88,549306.0,1.0,0,0.0
c,2016-03-24,41.78,41.94,41.03,41.94,21135579.00000003,1.0,0,0.0
ca,2016-03-24,30.49,30.86,30.38,30.73,1424900.0,1.0,0,0.0
cag,2016-03-24,43.7,44.35,43.49,44.06,4441893.000000001,1.0,0,0.0
cah,2016-03-24,80.915,82.15,80.51100000000002,81.49,1539272.0,1.0,0,0.0
cam,2016-03-24,65.51,66.07,65.21,66.03,1612954.0,1.0,0,0.0
car,2016-03-24,27.26,27.33,26.429,27.05,1968050.0,1.0,0,0.0
cat,2016-03-24,72.93,75.35,72.73,75.29,6424456.0,1.0,0,0.0
cb,2016-03-24,118.81,120.0,118.49,119.61,1093976.0,1.0,0,0.0
cbg,2016-03-24,28.0,28.2,27.76,28.03,3424685.0,1.0,0,0.0
cbs,2016-03-24,53.0,54.175,52.735,54.07,2602795.000000004,1.0,0,0.0
cce,2016-03-24,49.64,49.95,49.42,49.59,1663549.000000001,1.0,0,0.0
cci,2016-03-24,85.63,85.72,85.0,85.58,1873140.0,1.0,0,0.0
cck,2016-03-24,49.01,49.16,48.495,48.62,618094.0,1.0,0,0.0
ccl,2016-03-24,48.21,49.02,47.9,48.94,4020633.0000000056,1.0,0,0.0
celg,2016-03-24,99.21,101.98,98.1,100.56,3494040.0,1.0,0,0.0
cern,2016-03-24,52.49,52.91,51.13,51.46,2770511.0,1.0,0,0.0
cf,2016-03-24,32.53,32.53,31.45,31.93,3650461.000000002,1.0,0,0.0
cfg,2016-03-24,21.53,21.7,21.22,21.59,3683366.9999999925,1.0,0,0.0
chd,2016-03-24,91.61,92.04,91.05,91.46,523785.0,1.0,0,0.0
chk,2016-03-24,3.88,4.45,3.78,4.235,29221059.0,1.0,0,0.0
chrw,2016-03-24,73.09,73.77,72.98,73.74,533352.9999999981,1.0,0,0.0
ci,2016-03-24,137.09,138.32,136.88,137.99,388367.99999999907,1.0,0,0.0
cien,2016-03-24,18.2,18.73,18.01,18.57,2116958.0,1.0,0,0.0
cinf,2016-03-24,64.97,65.1384,64.6401,64.74,458227.99999999953,1.0,0,0.0
cl,2016-03-24,69.54,69.96,69.38,69.93,3438218.0,1.0,0,0.0
clf,2016-03-24,2.51,2.84,2.425,2.825,4532495.0,1.0,0,0.0
clx,2016-03-24,126.91,127.58,126.17,126.57,528905.9999999995,1.0,0,0.0
cma,2016-03-24,38.07,38.78,37.64,38.77,2353579.0,1.0,0,0.0
cmcsa,2016-03-24,58.73,60.1984,58.67,60.01,8562586.0,1.0,0,0.0
cme,2016-03-24,96.21,96.35,94.42,95.15,1066585.999999998,1.0,0,0.0
cmg,2016-03-24,471.44,472.35,462.45,471.55,998393.0,1.0,0,0.0
cmi,2016-03-24,106.76,107.46,104.84,107.4,1597736.9999999981,1.0,0,0.0
cms,2016-03-24,41.58,41.85,41.42,41.69,1076293.000000001,1.0,0,0.0
cnc,2016-03-24,62.7,64.65,62.64,63.7,3380304.0,1.0,0,0.0
cnp,2016-03-24,20.84,21.08,20.715,20.99,1691260.9999999925,1.0,0,0.0
cnx,2016-03-24,10.27,11.04,9.66,10.94,6184559.0,1.0,0,0.0
cof,2016-03-24,69.44,69.78,68.87,69.76,1914116.0,1.0,0,0.0
cog,2016-03-24,21.02,22.14,20.93,21.96,5210482.0,1.0,0,0.0
coh,2016-03-24,38.71,38.91,38.06,38.67,1651195.0,1.0,0,0.0
col,2016-03-24,90.87,91.31,90.13,91.23,311224.0000000005,1.0,0,0.0
cop,2016-03-24,38.93,40.1,38.53,40.04,7951980.0,1.0,0,0.0
cost,2016-03-24,153.24,154.1,150.85,151.43,2311554.0,1.0,0,0.0
cpb,2016-03-24,62.81,63.62,62.81,63.18,1343578.0,1.0,0,0.0
cpgx,2016-03-24,25.0,25.145,25.0,25.04,12413499.0,1.0,0,0.0
cr,2016-03-24,52.55,53.42,52.19,53.38,182617.00000000023,1.0,0,0.0
crm,2016-03-24,71.54,72.45,71.05,72.45,2428416.0,1.0,0,0.0
csc,2016-03-24,31.48,31.87,31.3901,31.86,508003.0,1.0,0,0.0
csco,2016-03-24,27.77,28.005,27.59,27.955,14064966.0,1.0,0,0.0
csra,2016-03-24,24.03,24.735,23.89,24.37,957330.0,1.0,0,0.0
csx,2016-03-24,25.77,26.18,25.505,26.17,4050117.9999999925,1.0,0,0.0
ctas,2016-03-24,86.24,87.96,85.94,87.52,1085365.0,1.0,0,0.0
ctb,2016-03-24,36.5,36.57,35.77,36.0,474448.0,1.0,0,0.0
ctl,2016-03-24,30.87,31.1649,30.68,31.16,4468504.0,1.0,0,0.0
ctsh,2016-03-24,58.82,60.64,58.78,60.31,4615365.0,1.0,0,0.0
ctxs,2016-03-24,76.51,76.8299,75.54,76.68,914927.0,1.0,0,0.0
cvc,2016-03-24,32.95,33.05,32.88,32.95,2370956.0,1.0,0,0.0
cvg,2016-03-24,26.37,26.75,26.32,26.6,255757.99999999953,1.0,0,0.0
cvs,2016-03-24,100.69,101.47,100.0,101.42,2642181.0,1.0,0,0.0
cvx,2016-03-24,92.73,94.94,92.25,94.85,6835484.999999989,1.0,0,0.0
cxo,2016-03-24,99.11,104.08,97.75,103.61,1354487.0,1.0,0,0.0
d,2016-03-24,73.51,73.6199,73.02,73.42,1391710.0,1.0,0,0.0
dal,2016-03-24,48.48,48.56,47.36,47.84,7994014.000000022,1.0,0,0.0
dd,2016-03-24,63.28,63.98,63.13,63.97,2699446.9999999925,1.0,0,0.0
ddr,2016-03-24,16.67,16.71,16.45,16.65,2198882.0,1.0,0,0.0
dds,2016-03-24,82.76,83.3,80.94,81.69,340191.0,1.0,0,0.0
de,2016-03-24,80.5,80.58,80.0,80.24,2740693.0,1.0,0,0.0
df,2016-03-24,17.22,17.41,17.01,17.13,2077874.0,1.0,0,0.0
dfs,2016-03-24,49.47,49.7,49.08,49.67,1705306.9999999981,1.0,0,0.0
dg,2016-03-24,84.2,84.53,83.66,83.96,2517945.000000004,1.0,0,0.25
dgx,2016-03-24,69.44,69.94,68.94,69.79,675663.0,1.0,0,0.0
dhi,2016-03-24,29.5,29.5,29.08,29.41,2964886.9999999963,1.0,0,0.0
dhr,2016-03-24,94.42,94.84,94.12,94.79,2524390.0,1.0,0,0.0
dis,2016-03-24,96.37,97.49,96.3,97.22,4622171.0,1.0,0,0.0
disca,2016-03-24,27.58,28.1,27.32,27.99,1989029.0,1.0,0,0.0
dlph,2016-03-24,71.85,72.6,70.95,72.38,2211422.999999998,1.0,0,0.0
dltr,2016-03-24,78.85,79.26,78.21,78.52,1214950.0,1.0,0,0.0
dlx,2016-03-24,58.98,59.88,58.59,59.87,249373.99999999988,1.0,0,0.0
dnb,2016-03-24,100.56,101.55,100.1,101.51,123209.99999999965,1.0,0,0.0
dnr,2016-03-24,2.07,2.29,2.0,2.27,12693577.0,1.0,0,0.0
do,2016-03-24,21.31,22.46,21.26,21.97,3814030.0,1.0,0,0.0
dov,2016-03-24,64.37,64.62,63.64,64.61,801143.0,1.0,0,0.0
dow,2016-03-24,50.83,51.33,50.51,51.31,4107167.0,1.0,0,0.0
dps,2016-03-24,89.54,90.1099,88.0,88.23,1343789.9999999986,1.0,0,0.0
dri,2016-03-24,66.47,66.475,65.29,65.76,1125676.0,1.0,0,0.0
dte,2016-03-24,88.99,89.62,88.72,89.46,615001.0000000005,1.0,0,0.0
duk,2016-03-24,79.54,80.11,79.33,79.76,2296992.9999999963,1.0,0,0.0
dv,2016-03-24,18.07,18.3,17.81,18.24,248509.0,1.0,0,0.0
dva,2016-03-24,71.71,72.01,71.06,71.55,404770.0,1.0,0,0.0
dvn,2016-03-24,24.92,26.63,24.6,26.46,11117323.0,1.0,0,0.0
dyn,2016-03-24,13.22,13.72,12.75,13.71,2087611.0,1.0,0,0.0
ea,2016-03-24,64.6,65.74,64.07,64.24,2925129.0,1.0,0,0.0
ebay,2016-03-24,24.12,24.365,24.0,24.33,12014177.0,1.0,0,0.0
ecl,2016-03-24,109.27,110.6,109.06,110.53,893077.0000000014,1.0,0,0.0
ed,2016-03-24,75.31,75.92,75.06,75.56,1030364.9999999992,1.0,0,0.0
efx,2016-03-24,110.73,111.25,109.09,111.23,874745.0000000006,1.0,0,0.0
eix,2016-03-24,71.75,71.93,70.82,71.34,1904377.0,1.0,0,0.0
el,2016-03-24,93.19,93.48,92.66,93.28,527501.0000000028,1.0,0,0.0
emc,2016-03-24,26.37,26.59,26.37,26.47,5725058.0,1.0,0,0.0
emn,2016-03-24,69.86,72.86,69.86,72.83,860968.0000000009,1.0,0,0.0
emr,2016-03-24,54.17,54.46,53.84,54.41,3053467.0,1.0,0,0.0
endp,2016-03-24,29.58,30.2299,29.0,29.64,3672891.0,1.0,0,0.0
eog,2016-03-24,72.42,74.91,72.3,74.31,3180421.0,1.0,0,0.0
eqix,2016-03-24,317.96,323.041,317.46,320.75,508742.00000000093,1.0,0,0.0
eqr,2016-03-24,72.19,72.55,71.77,72.49,1419047.0000000026,1.0,0,0.0
eqt,2016-03-24,61.89,65.06,61.45,64.57,1310466.0,1.0,0,0.0
es,2016-03-24,57.74,58.3,57.64,57.83,908603.9999999992,1.0,0,0.0
esrx,2016-03-24,66.91,67.61,66.23,67.38,4664359.0,1.0,0,0.0
ess,2016-03-24,227.74,228.08,224.74,226.24,261516.0,1.0,0,0.0
esv,2016-03-24,10.17,10.7861,10.05,10.59,4972118.0,1.0,0,0.0
etfc,2016-03-24,24.5,24.77,24.27,24.67,2598616.0,1.0,0,0.0
etn,2016-03-24,61.93,62.4,61.3101,62.39,1940332.000000004,1.0,0,0.0
etr,2016-03-24,77.84,78.99,77.59,78.84,709928.9999999986,1.0,0,0.0
ew,2016-03-24,85.23,87.64,85.13,87.36,1676817.0,1.0,0,0.0
exc,2016-03-24,34.72,35.36,34.35,35.32,5375852.0000000065,1.0,0,0.0
expd,2016-03-24,48.3,48.77,48.0601,48.66,1018879.0,1.0,0,0.0
expe,2016-03-24,108.14,108.25,106.5,107.69,1543961.9999999981,1.0,0,0.0
exr,2016-03-24,89.16,90.26,88.88,90.09,754097.0,1.0,0,0.0
f,2016-03-24,13.11,13.12,12.78,13.04,30121358.00000001,1.0,0,0.0
fast,2016-03-24,48.63,49.09,48.39,48.9,1816595.9999999981,1.0,0,0.0
fb,2016-03-24,112.13,113.09,111.67,113.06,16281676.0,1.0,0,0.0
fcx,2016-03-24,9.37,10.15,9.1,10.105,50229261.0,1.0,0,0.0
fdx,2016-03-24,161.3,162.808,160.54,162.65,971366.0,1.0,0,0.0
fe,2016-03-24,35.85,36.25,35.78,36.16,2688711.000000002,1.0,0,0.0
ffiv,2016-03-24,103.61,103.791,100.99,103.14,662601.0,1.0,0,0.0
fhn,2016-03-24,12.97,13.04,12.8,13.04,1258889.0000000035,1.0,0,0.0
fii,2016-03-24,28.07,28.27,27.89,28.21,317617.99999999953,1.0,0,0.0
fis,2016-03-24,62.67,62.775,61.95,62.62,1362143.0,1.0,0,0.0
fisv,2016-03-24,100.0,100.53,99.04,99.76,817881.0,1.0,0,0.0
fitb,2016-03-24,17.03,17.15,16.78,17.1,6238099.0,1.0,0,0.0
fl,2016-03-24,63.73,63.83,63.12,63.47,1680531.0,1.0,0,0.0
flir,2016-03-24,33.2,33.33,32.87,33.11,490083.0000000014,1.0,0,0.0
flr,2016-03-24,53.73,54.15,53.35,54.13,912504.0,1.0,0,0.0
fls,2016-03-24,43.96,44.14,43.33,44.13,1822575.9999999998,1.0,0,0.0
fmc,2016-03-24,41.01,41.27,40.09,40.55,809589.0,1.0,0,0.0
fosl,2016-03-24,43.31,44.04,42.87,43.98,561773.0,1.0,0,0.0
fox,2016-03-24,27.9,28.115,27.74,28.01,2560134.999999998,1.0,0,0.0
foxa,2016-03-24,27.58,27.845,27.55,27.74,5222086.000000004,1.0,0,0.0
frt,2016-03-24,151.93,152.57,151.22,152.35,439859.99999999977,1.0,0,0.0
fslr,2016-03-24,68.05,68.84,66.6101,68.46,1336330.0,1.0,0,0.0
fti,2016-03-24,26.35,27.03,26.11,26.97,1914869.0,1.0,0,0.0
ftr,2016-03-24,5.21,5.28,5.07,5.27,8811010.99999997,1.0,0,0.0
gas,2016-03-24,64.52,64.88,64.5,64.81,253244.0,1.0,0,0.0
gd,2016-03-24,132.4,132.4,127.73,129.1,3067762.0,1.0,0,0.0
ge,2016-03-24,30.91,31.11,30.82,31.1047,20352246.00000001,1.0,0,0.0
ggp,2016-03-24,28.81,28.87,28.54,28.74,2551714.0,1.0,0,0.0
ghc,2016-03-24,462.1,470.0,458.43,469.0,14111.0,1.0,0,0.0
gild,2016-03-24,89.61,92.82,89.44,91.32,13070633.999999993,1.0,0,0.0
gis,2016-03-24,60.59,61.89,60.59,61.36,4813538.0,1.0,0,0.0
glw,2016-03-24,19.89,20.285,19.825,20.26,6320997.999999993,1.0,0,0.0
gm,2016-03-24,30.88,30.97,30.39,30.96,8835337.000000004,1.0,0,0.0
gme,2016-03-24,30.34,30.5,29.61,30.28,3594692.999999996,1.0,0,0.0
gnw,2016-03-24,2.78,2.78,2.53,2.66,10697976.0,1.0,0,0.0
goog,2016-03-24,732.1,737.747,730.92,735.27,1344004.0,1.0,0,0.0
googl,2016-03-24,752.0,757.555,750.5,754.84,1365464.0,1.0,0,0.0
gpc,2016-03-24,97.13,97.8,96.93,97.74,416305.00000000093,1.0,0,0.0
gps,2016-03-24,28.6,28.8,28.23,28.75,3825064.0,1.0,0,0.0
gra,2016-03-24,70.48,71.08,69.86,70.62,548351.0,1.0,0,0.0
grmn,2016-03-24,39.16,39.16,38.4,38.97,685015.0,1.0,0,0.0
gs,2016-03-24,152.45,153.04,150.13,153.01,3476940.9999999963,1.0,0,0.0
gt,2016-03-24,31.99,32.325,31.72,32.18,1614482.0,1.0,0,0.0
gww,2016-03-24,228.05,231.05,227.76,229.27,476302.00000000093,1.0,0,0.0
hal,2016-03-24,34.41,35.31,34.28,35.24,5909446.999999978,1.0,0,0.0
har,2016-03-24,84.7,85.68,82.79,85.635,744854.0000000006,1.0,0,0.0
has,2016-03-24,77.63,78.0,77.11,77.34,813194.0,1.0,0,0.0
hban,2016-03-24,9.53,9.61,9.43,9.58,6890539.000000015,1.0,0,0.0
hbi,2016-03-24,28.08,28.31,27.66,28.17,1613457.9999999944,1.0,0,0.0
hca,2016-03-24,76.19,77.0,75.33,76.37,2253912.0,1.0,0,0.0
hcn,2016-03-24,66.45,67.13,65.85,66.96,1366668.000000002,1.0,0,0.0
hcp,2016-03-24,31.5,31.8,30.96,31.7,2725361.0,1.0,0,0.0
hd,2016-03-24,129.45,130.76,129.23,130.47,2865176.0000000037,1.0,0,0.0
hes,2016-03-24,50.46,52.27,49.69,52.1,3998807.000000015,1.0,0,0.0
hig,2016-03-24,45.44,45.655,45.12,45.58,2898117.0000000014,1.0,0,0.0
hls,2016-03-24,35.67,35.9,35.06,35.39,786778.0,1.0,0,0.0
hlt,2016-03-24,21.84,22.07,21.65,22.06,7053989.999999996,1.0,0,0.0
hog,2016-03-24,48.04,48.04,47.175,47.87,1761162.0000000037,1.0,0,0.0
hon,2016-03-24,111.34,111.98,111.0,111.4,1969557.9999999981,1.0,0,0.0
hot,2016-03-24,81.86,82.85,81.59,82.13,3620391.0,1.0,0,0.0
hp,2016-03-24,56.9,58.19,56.35,58.09,2582451.000000002,1.0,0,0.0
hpe,2016-03-24,17.41,17.64,17.11,17.58,7612565.999999996,1.0,0,0.0
hpq,2016-03-24,11.98,12.1,11.715,12.08,10657981.0,1.0,0,0.0
hrb,2016-03-24,26.84,27.085,26.6,26.61,2775505.999999999,1.0,0,0.0
hrl,2016-03-24,43.55,43.84,43.08,43.28,1257008.0,1.0,0,0.0
hrs,2016-03-24,78.6,79.35,77.8,78.07,668732.9999999981,1.0,0,0.0
hsbc,2016-03-24,31.13,31.26,31.02,31.22,2511937.0,1.0,0,0.0
hsic,2016-03-24,168.31,169.46,166.84,167.98,287477.0,1.0,0,0.0
hst,2016-03-24,16.1,16.25,15.77,16.18,6550943.0,1.0,0,0.0
hsy,2016-03-24,89.16,90.35,89.16,90.07,800758.0000000014,1.0,0,0.0
hum,2016-03-24,182.32,184.66,181.44,184.06,433975.0,1.0,0,0.0
iac,2016-03-24,45.86,46.19,45.02,45.67,589968.0,1.0,0,0.0
ibm,2016-03-24,144.75,148.22,144.48,147.96,4316217.0,1.0,0,0.0
ice,2016-03-24,235.38,236.44,232.85,234.41,473609.00000000093,1.0,0,0.0
iff,2016-03-24,112.59,113.78,111.74,113.24,615955.0000000003,1.0,0,0.0
igt,2016-03-24,17.39,17.79,17.13,17.6,521850.0,1.0,0,0.0
ilmn,2016-03-24,151.9,155.95,149.51,155.33,870126.0,1.0,0,0.0
intc,2016-03-24,31.86,31.95,31.7,31.88,11987637.0,1.0,0,0.0
intu,2016-03-24,101.38,102.12,100.62,101.89,1061291.0,1.0,0,0.0
ip,2016-03-24,40.5,40.82,40.22,40.81,2212820.999999998,1.0,0,0.0
ipg,2016-03-24,21.57,21.62,21.44,21.52,2765988.9999999963,1.0,0,0.0
ir,2016-03-24,60.75,61.36,60.63,61.32,1316219.999999998,1.0,0,0.0
irm,2016-03-24,32.7,32.82,32.38,32.76,685401.0000000005,1.0,0,0.0
isrg,2016-03-24,583.32,585.0,575.74,583.23,295764.0,1.0,0,0.0
itt,2016-03-24,36.55,36.69,35.7701,36.65,897500.0000000001,1.0,0,0.0
itw,2016-03-24,101.44,101.82,101.06,101.44,1238377.0,1.0,0,0.0
ivz,2016-03-24,30.02,30.34,29.82,30.34,1858636.9999999963,1.0,0,0.0
jbht,2016-03-24,85.5,86.1975,85.22,86.01,499379.0,1.0,0,0.0
jbl,2016-03-24,19.0,19.06,18.835,18.93,2075052.0,1.0,0,0.0
jci,2016-03-24,38.0,38.34,37.6,38.31,2147252.000000002,1.0,0,0.0
jcp,2016-03-24,10.9,10.93,10.54,10.91,10972068.0,1.0,0,0.0
jec,2016-03-24,43.35,43.4,42.92,43.27,628583.0,1.0,0,0.0
jnj,2016-03-24,107.83,108.61,107.75,108.3,5208406.0,1.0,0,0.0
jnpr,2016-03-24,25.52,25.55,24.96,25.37,5538104.0000000065,1.0,0,0.0
jns,2016-03-24,14.0,14.03,13.79,14.01,1004814.9999999992,1.0,0,0.0
joy,2016-03-24,15.04,15.655,14.44,15.61,3087423.9999999925,1.0,0,0.0
jpm,2016-03-24,59.3,59.51,58.87,59.47,11223060.0,1.0,0,0.0
jwn,2016-03-24,55.9,56.13,55.45,55.96,1891115.0,1.0,0,0.0
k,2016-03-24,75.32,75.63,74.68,75.44,1089097.0000000028,1.0,0,0.0
kate,2016-03-24,24.25,24.34,23.62,24.05,1806494.0,1.0,0,0.0
kbh,2016-03-24,13.84,14.05,13.33,13.92,9265957.0,1.0,0,0.0
key,2016-03-24,11.17,11.2,11.01,11.19,8043285.000000015,1.0,0,0.0
kim,2016-03-24,27.67,27.89,27.52,27.79,1694617.0,1.0,0,0.0
klac,2016-03-24,70.91,70.91,70.11,70.78,765832.0,1.0,0,0.0
kmb,2016-03-24,133.02,133.91,132.82,133.57,902033.0,1.0,0,0.0
kmi,2016-03-24,17.36,18.09,17.0,18.08,18145942.999999985,1.0,0,0.0
kmx,2016-03-24,48.21,48.89,47.11,48.85,2170722.0,1.0,0,0.0
ko,2016-03-24,45.34,45.6,45.19,45.59,8677133.999999993,1.0,0,0.0
kors,2016-03-24,55.81,55.9,55.05,55.55,1807688.0,1.0,0,0.0
kr,2016-03-24,37.18,37.69,37.1,37.65,6420578.0,1.0,0,0.0
kss,2016-03-24,46.26,46.3599,45.57,45.92,1749615.0000000019,1.0,0,0.0
ksu,2016-03-24,84.45,85.39,83.56,84.94,884065.9999999991,1.0,0,0.0
l,2016-03-24,38.36,38.56,38.185,38.37,543667.0000000019,1.0,0,0.0
lb,2016-03-24,85.19,86.47,85.1,85.82,1080819.0,1.0,0,0.0
ldos,2016-03-24,48.8,49.18,48.42,48.9,408132.0000000007,1.0,0,0.0
leg,2016-03-24,46.95,47.2,46.41,47.17,498079.99999999953,1.0,0,0.0
len,2016-03-24,46.54,46.57,45.8501,46.34,2487846.0,1.0,0,0.0
lh,2016-03-24,113.12,114.04,112.16,113.98,462854.0,1.0,0,0.0
lll,2016-03-24,118.71,119.13,117.5,118.39,375677.0,1.0,0,0.0
lltc,2016-03-24,44.01,44.27,43.7701,44.26,799985.0,1.0,0,0.0
lly,2016-03-24,70.65,71.44,70.2,71.12,2157994.0,1.0,0,0.0
lm,2016-03-24,33.81,34.15,33.44,34.01,1135715.0,1.0,0,0.0
lmt,2016-03-24,221.05,221.71,217.14,218.0,1179080.999999998,1.0,0,0.0
lnc,2016-03-24,39.17,39.62,38.58,39.27,2798145.0,1.0,0,0.0
low,2016-03-24,74.35,74.88,73.83,74.8,3089292.0,1.0,0,0.0
lpx,2016-03-24,15.71,16.07,15.61,15.8,1936530.0,1.0,0,0.0
lrcx,2016-03-24,78.74,78.9,77.49,78.88,1786747.0000000019,1.0,0,0.0
luk,2016-03-24,15.81,16.08,15.7777,16.03,1811559.9999999963,1.0,0,0.0
luv,2016-03-24,44.35,44.35,43.27,44.07,4840298.999999996,1.0,0,0.0
lvlt,2016-03-24,50.98,51.66,50.47,51.6,1223682.0,1.0,0,0.0
lxk,2016-03-24,31.0,31.25,30.81,31.24,366614.0,1.0,0,0.0
lyb,2016-03-24,83.61,85.4,83.28,85.37,2476477.0,1.0,0,0.0
m,2016-03-24,43.48,43.55,42.88,43.475,2214964.0000000033,1.0,0,0.0
ma,2016-03-24,91.3,91.97,91.3,91.9,2154715.0,1.0,0,0.0
mac,2016-03-24,78.5,78.73,78.13,78.56,1102519.9999999995,1.0,0,0.0
mar,2016-03-24,69.02,69.72,68.37,68.64,5205427.0,1.0,0,0.0
mas,2016-03-24,30.84,30.92,30.67,30.91,1643036.0,1.0,0,0.0
mat,2016-03-24,32.37,32.62,32.0907,32.34,3093773.9999999925,1.0,0,0.0
mbi,2016-03-24,8.66,8.735,8.42,8.6901,2587204.0,1.0,0,0.0
mcd,2016-03-24,123.76,124.0,122.66,123.32,3946515.9999999925,1.0,0,0.0
mchp,2016-03-24,47.57,48.2799,47.31,48.12,975798.0000000008,1.0,0,0.0
mck,2016-03-24,154.02,158.4,153.75,157.29,1334679.0,1.0,0,0.0
mco,2016-03-24,93.52,93.6,91.93,92.94,1668135.0,1.0,0,0.0
mdlz,2016-03-24,40.16,40.16,39.49,39.52,9363398.0,1.0,0,0.0
mdp,2016-03-24,45.39,45.61,44.8425,45.58,149734.0,1.0,0,0.0
mdr,2016-03-24,3.7,4.0,3.6,3.97,2241962.0,1.0,0,0.0
mdt,2016-03-24,74.02,74.23,73.47,73.97,3402101.9999999925,1.0,0,0.0
met,2016-03-24,42.8,42.8,41.7,42.3,6663535.000000007,1.0,0,0.0
mhfi,2016-03-24,96.3,96.78,95.93,96.42,1227434.999999999,1.0,0,0.0
mhk,2016-03-24,185.07,187.05,184.23,186.79,330106.0,1.0,0,0.0
mjn,2016-03-24,81.07,82.04,80.4,81.97,1407282.0000000035,1.0,0,0.0
mkc,2016-03-24,95.52,96.46,95.14,96.34,944271.0,1.0,0,0.0
mlm,2016-03-24,153.03,153.8,150.75,153.67,579202.0,1.0,0,0.0
mmc,2016-03-24,59.28,59.86,59.05,59.8,1446550.9999999981,1.0,0,0.0
mmm,2016-03-24,163.29,164.54,163.047,164.5,1520461.000000001,1.0,0,0.0
mnk,2016-03-24,59.68,61.46,58.6505,60.06,2123564.0,1.0,0,0.0
mnst,2016-03-24,132.39,132.89,129.25,131.26,1039348.0,1.0,0,0.0
mo,2016-03-24,60.67,61.29,60.51,60.87,4638586.0000000065,1.0,0,0.0
mon,2016-03-24,89.24,90.14,88.65,90.1,2388175.0,1.0,0,0.0
mos,2016-03-24,27.75,27.75,26.8635,27.27,6075401.0000000065,1.0,0,0.0
mpc,2016-03-24,36.94,37.35,36.19,36.87,4602916.0000000065,1.0,0,0.0
mrk,2016-03-24,52.71,53.35,52.58,53.07,5698591.000000004,1.0,0,0.0
mro,2016-03-24,9.79,10.45,9.65,10.29,27364664.0,1.0,0,0.0
ms,2016-03-24,24.94,24.96,24.28,24.915,14218509.0,1.0,0,0.0
msft,2016-03-24,53.85,54.33,53.73,54.21,15339799.000000045,1.0,0,0.0
msi,2016-03-24,73.04,73.04,72.4,72.59,812416.0000000019,1.0,0,0.0
mtb,2016-03-24,111.43,111.43,109.75,111.22,553600.9999999995,1.0,0,0.0
mtg,2016-03-24,7.33,7.375,7.12,7.35,3588378.0,1.0,0,0.0
mtw,2016-03-24,4.37,4.41,4.22,4.36,2051456.000000013,1.0,0,0.0
mu,2016-03-24,10.54,10.6,10.33,10.5,21307091.0,1.0,0,0.0
mur,2016-03-24,23.24,24.41,23.04,24.13,3649089.0,1.0,0,0.0
mww,2016-03-24,3.17,3.36,3.1101,3.22,2417280.0,1.0,0,0.0
mxim,2016-03-24,35.21,35.62,35.06,35.62,1024848.999999998,1.0,0,0.0
myl,2016-03-24,45.0,46.13,44.47,45.87,2277259.0,1.0,0,0.0
nav,2016-03-24,12.03,12.2767,11.46,12.235,900682.0,1.0,0,0.0
navi,2016-03-24,11.82,11.99,11.65,11.95,1826877.9999999963,1.0,0,0.0
nbl,2016-03-24,31.88,32.38,31.2,32.33,3349989.0,1.0,0,0.0
nbr,2016-03-24,8.19,8.7,8.02,8.68,6475294.0,1.0,0,0.0
nc,2016-03-24,55.87,56.67,54.88,56.12,21519.0,1.0,0,0.0
ncr,2016-03-24,28.27,29.2,28.09,28.995,1969970.0,1.0,0,0.0
ndaq,2016-03-24,65.35,65.65,63.8,64.01,1386746.0,1.0,0,0.0
ne,2016-03-24,10.16,10.7,10.1,10.43,9924345.0,1.0,0,0.0
nee,2016-03-24,117.49,118.62,117.265,118.52,1922778.0000000016,1.0,0,0.0
nem,2016-03-24,25.14,25.49,24.59,25.42,7438895.000000004,1.0,0,0.0
nflx,2016-03-24,98.64,98.85,97.07,98.36,10394972.0,1.0,0,0.0
nfx,2016-03-24,31.18,32.52,31.14,32.39,4253543.0,1.0,0,0.0
ni,2016-03-24,22.98,23.15,22.855,23.025,1970402.0000000016,1.0,0,0.0
nke,2016-03-24,62.06,62.18,61.12,61.68,10918261.0,1.0,0,0.0
nlsn,2016-03-24,51.62,52.03,51.51,51.99,888365.0,1.0,0,0.0
noc,2016-03-24,193.67,194.708,193.25,194.22,665872.9999999995,1.0,0,0.0
nov,2016-03-24,30.65,31.15,30.01,31.14,4348167.0000000065,1.0,0,0.0
nrg,2016-03-24,12.86,13.18,12.35,13.14,5413311.999999996,1.0,0,0.0
nsc,2016-03-24,82.19,83.92,81.4,83.88,551418.0,1.0,0,0.0
ntap,2016-03-24,26.26,26.44,25.65,26.34,1667782.0,1.0,0,0.0
ntrs,2016-03-24,64.99,65.26,64.27,65.22,588613.0000000014,1.0,0,0.0
nue,2016-03-24,45.76,46.54,45.51,46.5,1780996.0,1.0,0,0.0
nvda,2016-03-24,34.12,34.54,34.01,34.48,5392961.0000000065,1.0,0,0.0
nwl,2016-03-24,42.8,43.47,42.72,43.0,2917204.0,1.0,0,0.0
nws,2016-03-24,12.91,13.06,12.82,13.05,624106.0,1.0,0,0.0
nwsa,2016-03-24,12.44,12.54,12.32,12.495,3079694.0,1.0,0,0.0
nyt,2016-03-24,12.39,12.56,12.3,12.53,565661.0,1.0,0,0.0
o,2016-03-24,61.45,61.7,61.24,61.46,1104078.9999999972,1.0,0,0.0
odp,2016-03-24,7.1,7.2,6.8,6.915,24842700.0,1.0,0,0.0
oi,2016-03-24,15.56,15.795,15.07,15.76,1249472.0,1.0,0,0.0
oke,2016-03-24,27.91,28.73,27.47,28.67,2837519.0,1.0,0,0.0
omc,2016-03-24,80.97,81.4,80.63,81.36,902025.9999999992,1.0,0,0.0
orcl,2016-03-24,40.6,41.065,40.34,40.99,10762411.0,1.0,0,0.0
orly,2016-03-24,276.35,277.21,273.22,274.94,541807.0,1.0,0,0.0
oxy,2016-03-24,67.27,68.74,67.25,68.52,4183607.0,1.0,0,0.0
payx,2016-03-24,53.8,54.09,53.555,53.98,881341.0,1.0,0,0.0
pbct,2016-03-24,15.88,15.94,15.73,15.85,4018818.000000002,1.0,0,0.0
pbi,2016-03-24,20.6,20.92,20.39,20.9,1049754.000000001,1.0,0,0.0
pby,2016-02-03,18.5,18.5,18.46,18.49,1667290.0,1.0,0,0.0
pcar,2016-03-24,52.1,53.46,51.93,53.45,1251340.0,1.0,0,0.0
pcg,2016-03-24,58.71,59.11,58.6,58.85,1450477.0,1.0,0,0.0
pch,2016-03-24,30.04,30.18,29.46,29.84,244642.00000000023,1.0,0,0.0
pcl,2016-02-19,37.82,37.93,36.23,36.54,6313904.0,1.0,0,0.0
pcln,2016-03-24,1300.0,1304.58,1291.01,1301.01,345508.0,1.0,0,0.0
pcp,2016-01-29,234.9,234.99,234.87,234.93,2871088.0,1.0,0,0.0
pdco,2016-03-24,45.64,45.77,44.14,44.67,904955.0,1.0,0,0.0
peg,2016-03-24,46.07,46.28,45.8,46.05,1530816.9999999981,1.0,0,0.0
pep,2016-03-24,100.7,100.92,100.13,100.68,2255133.0,1.0,0,0.0
pfe,2016-03-24,30.12,30.28,29.88,30.08,28602732.0,1.0,0,0.0
pfg,2016-03-24,39.27,39.31,38.36,38.89,2161766.9999999986,1.0,0,0.0
pg,2016-03-24,82.47,83.12,82.41,82.9,5123671.999999996,1.0,0,0.0
pgr,2016-03-24,34.97,35.07,34.56,34.83,2286033.999999998,1.0,0,0.0
ph,2016-03-24,109.58,110.97,109.0,110.95,1053743.9999999986,1.0,0,0.0
phm,2016-03-24,18.05,18.07,17.85,17.9,3722814.000000002,1.0,0,0.0
pki,2016-03-24,48.49,48.71,47.99,48.41,349285.0,1.0,0,0.0
pld,2016-03-24,42.0,42.4,41.6748,42.32,1706393.000000001,1.0,0,0.0
pm,2016-03-24,97.21,97.6,96.66,97.58,2659139.000000002,1.0,0,0.0
pmcs,2016-01-14,11.59,11.7,11.57,11.66,6037729.0,1.0,0,0.0
pnc,2016-03-24,84.72,84.87,83.82,84.8,2072528.0,1.0,0,0.0
pnr,2016-03-24,52.45,52.74,51.79,52.66,1213511.000000001,1.0,0,0.0
pnw,2016-03-24,73.04,73.7,72.85,73.5,453823.00000000047,1.0,0,0.0
pom,2016-03-23,21.36,27.22,21.24,26.95,32357495.0,1.0,0,0.0
ppg,2016-03-24,108.2,109.07,107.38,108.94,1295905.999999999,1.0,0,0.0
ppl,2016-03-24,37.06,37.305,36.88,37.19,1935928.0000000016,1.0,0,0.0
prgo,2016-03-24,129.32,130.83,128.576,130.35,1038307.0,1.0,0,0.0
pru,2016-03-24,70.0,70.78,69.35,70.76,5456454.000000002,1.0,0,0.0
psa,2016-03-24,264.39,267.12,263.43,266.73,460715.00000000047,1.0,0,0.0
psx,2016-03-24,86.7,88.1201,86.57,88.07,1974485.0,1.0,0,0.0
ptc,2016-03-24,31.37,32.12,31.17,32.1,263277.0,1.0,0,0.0
pvh,2016-03-24,92.43,95.25,90.69,94.32,3429406.0000000014,1.0,0,0.0
pwr,2016-03-24,22.25,22.41,22.16,22.305,2431396.0,1.0,0,0.0
px,2016-03-24,111.88,112.1,111.0,111.8,921816.0,1.0,0,0.0
pxd,2016-03-24,134.77,139.5,131.351,139.18,1643316.0,1.0,0,0.0
pypl,2016-03-24,39.4,39.51,37.0,38.91,14005728.0,1.0,0,0.0
qcom,2016-03-24,50.63,50.9,50.13,50.86,5710308.000000004,1.0,0,0.0
qep,2016-03-24,12.68,13.4,12.48,13.39,3316107.0,1.0,0,0.0
qlgc,2016-03-24,12.83,13.04,12.66,13.01,390987.0,1.0,0,0.0
qrvo,2016-03-24,49.23,49.47,48.62,49.24,955513.0,1.0,0,0.0
r,2016-03-24,63.81,64.79,62.95,64.73,408180.99999999953,1.0,0,0.0
rad,2016-03-24,7.99,8.07,7.98,8.06,17411990.0,1.0,0,0.0
rai,2016-03-24,50.16,50.465,49.49,49.72,3417417.0,1.0,0,0.0
rcl,2016-03-24,73.24,75.03,72.5266,74.45,2076109.0000000016,1.0,0,0.0
rdc,2016-03-24,15.07,15.71,14.91,15.57,2910914.0,1.0,0,0.0
regn,2016-03-24,363.46,375.375,360.38,370.8,761121.0,1.0,0,0.0
rf,2016-03-24,8.0,8.07,7.82,8.06,10743516.999999993,1.0,0,0.0
rhi,2016-03-24,43.49,44.23,43.0,44.22,980645.0000000008,1.0,0,0.0
rht,2016-03-24,72.63,73.31,71.71,73.25,1843158.0,1.0,0,0.0
rig,2016-03-24,9.02,9.51,8.97,9.36,11708018.0,1.0,0,0.0
rl,2016-03-24,95.69,96.19,93.79,95.55,555957.0,1.0,0,0.0
rlgy,2016-03-24,33.06,33.8,33.0,33.72,550646.0,1.0,0,0.0
rok,2016-03-24,111.95,112.17,110.52,111.56,942796.0000000008,1.0,0,0.0
rop,2016-03-24,178.43,180.689,178.43,180.6,228078.0,1.0,0,0.0
rost,2016-03-24,58.35,58.5,56.88,57.4,1890533.9999999981,1.0,0,0.0
rrc,2016-03-24,30.0,31.09,29.38,30.71,5112518.000000013,1.0,0,0.0
rrd,2016-03-24,16.0,16.2,15.76,16.18,1047226.0000000008,1.0,0,0.0
rsg,2016-03-24,47.84,48.13,47.77,48.12,1277623.0,1.0,0,0.0
rtn,2016-03-24,123.46,124.33,122.8,123.01,1069066.0,1.0,0,0.0
s,2016-03-24,3.16,3.27,3.14,3.27,10672078.0,1.0,0,0.0
san,2016-03-24,4.41,4.475,4.39,4.42,8591941.0,1.0,0,0.0
sanm,2016-03-24,22.52,22.64,22.18,22.64,278593.0,1.0,0,0.0
sbux,2016-03-24,58.74,58.79,58.2799,58.35,5182258.0,1.0,0,0.0
scg,2016-03-24,68.2,68.95,67.92,68.85,621555.0,1.0,0,0.0
schw,2016-03-24,27.62,28.11,27.4,28.1,5988119.000000007,1.0,0,0.0
sci,2016-03-24,23.77,23.95,23.49,23.58,1140878.0000000005,1.0,0,0.0
se,2016-03-24,30.09,30.55,29.87,30.45,3386890.000000002,1.0,0,0.0
see,2016-03-24,47.33,47.81,46.95,47.3,883231.0000000009,1.0,0,0.0
shld,2016-03-24,14.82,15.35,14.6,14.98,775947.0,1.0,0,0.0
shw,2016-03-24,281.66,283.39,279.8,281.31,580484.0,1.0,0,0.0
sig,2016-03-24,124.76,125.47,120.02,121.42,3265394.9999999986,1.0,0,0.0
sjm,2016-03-24,128.48,129.12,128.123,128.74,476117.0,1.0,0,0.0
slb,2016-03-24,71.91,72.66,71.5,72.58,7056740.0,1.0,0,0.0
slg,2016-03-24,93.82,94.38,92.51,94.27,900874.0,1.0,0,0.0
slm,2016-03-24,6.29,6.33,6.155,6.27,3543710.0,1.0,0,0.0
sna,2016-03-24,155.02,158.1,154.15,157.87,336025.0,1.0,0,0.0
sndk,2016-03-24,76.13,76.44,74.68,75.66,6014462.0,1.0,0,0.0
sni,2016-03-24,62.97,64.05,62.29,64.01,708476.9999999991,1.0,0,0.0
snv,2016-03-24,28.98,29.03,28.63,29.02,712050.0000000005,1.0,0,0.0
so,2016-03-24,50.67,50.98,50.565,50.91,2943523.0,1.0,0,0.0
spg,2016-03-24,200.37,201.74,199.77,201.45,568599.0000000009,1.0,0,0.0
spls,2016-03-24,10.66,11.06,10.52,10.75,18159619.999999996,1.0,0,0.0
spxc,2016-03-24,13.43,14.13,13.43,14.08,279781.0,1.0,0,0.0
srcl,2016-03-24,123.57,124.41,122.966,124.13,722066.0,1.0,0,0.0
sre,2016-03-24,101.94,102.77,101.03,102.55,735638.0000000014,1.0,0,0.0
ssp,2016-03-24,16.07,16.19,15.64,16.14,358653.0,1.0,0,0.0
sti,2016-03-24,36.0,36.69,35.76,36.61,2980541.0,1.0,0,0.0
stj,2016-03-24,54.32,54.63,53.895,54.26,1214625.0,1.0,0,0.0
str,2016-03-24,24.6,24.81,24.5475,24.8,1371378.000000001,1.0,0,0.0
stt,2016-03-24,58.96,59.0,58.04,58.75,2715668.0,1.0,0,0.0
stx,2016-03-24,34.59,34.64,32.4,33.23,8303586.0000000065,1.0,0,0.0
stz,2016-03-24,149.29,150.26,149.02,149.95,1292908.999999998,1.0,0,0.0
sune,2016-03-24,1.285,1.295,1.15,1.21,37696172.0,1.0,0,0.0
svu,2016-03-24,5.5,5.51,5.36,5.48,1372889.0,1.0,0,0.0
swk,2016-03-24,102.59,103.51,102.18,103.5,1096133.000000002,1.0,0,0.0
swks,2016-03-24,75.57,76.24,75.01,76.2,1714461.9999999963,1.0,0,0.0
swn,2016-03-24,7.12,7.56,7.02,7.38,9685400.0,1.0,0,0.0
syf,2016-03-24,28.2,28.55,28.0665,28.46,3830099.0,1.0,0,0.0
syk,2016-03-24,105.32,105.9,104.32,105.25,1067650.0,1.0,0,0.0
symc,2016-03-24,18.55,18.72,18.47,18.71,6186655.000000015,1.0,0,0.0
syy,2016-03-24,46.24,46.43,46.1,46.25,3794187.0,1.0,0,0.0
t,2016-03-24,38.38,38.89,38.38,38.89,15072673.0,1.0,0,0.0
tap,2016-03-24,95.37,95.37,94.56,95.28,1131269.9999999972,1.0,0,0.0
tdc,2016-03-24,25.66,25.87,25.26,25.85,933405.0,1.0,0,0.0
te,2016-03-24,27.46,27.52,27.45,27.51,1710885.9999999981,1.0,0,0.0
tel,2016-03-24,60.73,60.979,60.27,60.96,750976.0000000009,1.0,0,0.0
ten,2016-03-24,49.46,50.35,48.96,50.19,195239.0,1.0,0,0.0
ter,2016-03-24,20.88,21.09,20.8,21.08,787904.9999999981,1.0,0,0.0
tex,2016-03-24,25.12,25.25,24.52,25.05,2915679.9999999986,1.0,0,0.0
tgna,2016-03-24,23.55,23.57,23.18,23.37,1038230.0000000008,1.0,0,0.0
tgt,2016-03-24,81.07,82.175,81.07,82.03,3695101.0,1.0,0,0.0
thc,2016-03-24,28.56,28.76,27.28,27.99,1922094.0,1.0,0,0.0
tif,2016-03-24,71.9,71.98,70.58,70.93,1597645.0000000019,1.0,0,0.0
tjx,2016-03-24,77.22,77.71,77.08,77.13,2169661.0,1.0,0,0.0
tkr,2016-03-24,32.24,32.785,31.72,32.77,783961.9999999991,1.0,0,0.0
tmk,2016-03-24,54.2,54.49,53.63,54.14,484293.0,1.0,0,0.0
tmo,2016-03-24,138.15,139.23,137.4,139.08,872073.0000000009,1.0,0,0.0
tmus,2016-03-24,36.85,37.1,36.44,37.0,2363089.0,1.0,0,0.0
trip,2016-03-24,61.72,62.44,60.5,62.24,1607904.0,1.0,0,0.0
trow,2016-03-24,72.33,72.62,72.05,72.51,1022950.9999999992,1.0,0,0.0
trv,2016-03-24,115.27,115.92,114.67,115.38,1339447.0,1.0,0,0.0
tsco,2016-03-24,89.35,89.47,88.24,88.7,471713.00000000093,1.0,0,0.0
tsn,2016-03-24,66.94,67.46,66.49,66.89,1660106.0,1.0,0,0.0
tso,2016-03-24,90.05,93.5,89.6,92.5,2647391.9999999963,1.0,0,0.0
tss,2016-03-24,46.02,46.14,45.32,46.0,906806.999999998,1.0,0,0.0
tup,2016-03-24,55.33,55.59,53.98,55.37,811358.0000000014,1.0,0,0.0
twc,2016-03-24,204.45,204.98,201.87,202.7,1093539.0,1.0,0,0.0
twx,2016-03-24,70.09,70.4699,69.6,70.02,4295297.000000011,1.0,0,0.0
txn,2016-03-24,56.49,56.7301,56.19,56.7,1916356.0,1.0,0,0.0
txt,2016-03-24,36.25,36.34,35.445,36.16,3315496.0,1.0,0,0.0
tyc,2016-03-24,35.73,36.03,35.39,36.03,1897376.0,1.0,0,0.0
ua,2016-03-24,82.64,82.87,81.26,82.16,1582453.0,1.0,0,0.0
ual,2016-03-24,58.69,59.0,57.2,57.82,5842476.0,1.0,0,0.0
uhs,2016-03-24,117.64,119.05,116.0,117.9,424636.00000000093,1.0,0,0.0
uis,2016-03-24,7.5,7.8,7.39,7.79,966170.0,1.0,0,0.0
un,2016-03-24,44.07,44.18,43.8725,44.18,1502592.9999999981,1.0,0,0.0
unh,2016-03-24,129.01,130.32,127.17,128.59,3747239.0000000037,1.0,0,0.0
unm,2016-03-24,31.1,31.15,30.34,30.81,2320424.0,1.0,0,0.0
unp,2016-03-24,80.78,81.27,80.04,80.94,3484036.0,1.0,0,0.0
ups,2016-03-24,104.15,105.49,104.15,105.46,1793207.9999999981,1.0,0,0.0
urbn,2016-03-24,32.12,32.475,31.72,32.44,1119780.0,1.0,0,0.0
uri,2016-03-24,61.03,62.54,60.06,62.01,1339518.0,1.0,0,0.0
usb,2016-03-24,40.75,40.84,40.46,40.78,5598711.0,1.0,0,0.0
utx,2016-03-24,97.98,99.08,97.98,99.05,2586188.9999999925,1.0,0,0.0
v,2016-03-24,73.41,74.16,73.41,74.14,5850494.0,1.0,0,0.0
var,2016-03-24,78.02,78.16,77.17,77.71,328366.0,1.0,0,0.0
vc,2016-03-24,78.6,80.01,77.91,79.78,538773.0,1.0,0,0.0
vfc,2016-03-24,64.43,64.46,63.74,64.06,1906701.000000001,1.0,0,0.0
viab,2016-03-24,39.32,39.69,38.68,39.67,1775937.9999999981,1.0,0,0.0
viav,2016-03-24,6.66,6.79,6.58,6.78,857630.0,1.0,0,0.0
vlo,2016-03-24,64.54,65.88,64.39,65.82,3707212.000000008,1.0,0,0.0
vmc,2016-03-24,104.4,105.15,104.04,105.14,469614.99999999953,1.0,0,0.0
vno,2016-03-24,90.55,91.33,89.935,91.27,469713.0,1.0,0,0.0
vrsk,2016-03-24,76.48,77.71,76.41,77.61,365835.0,1.0,0,0.0
vrsn,2016-03-24,88.54,89.57,88.11,89.25,371101.0,1.0,0,0.0
vrtx,2016-03-24,79.71,82.2,78.25,80.54,1725989.0,1.0,0,0.0
vtr,2016-03-24,60.27,61.07,59.58,60.98,2016941.0000000016,1.0,0,0.0
vz,2016-03-24,52.73,53.62,52.66,53.57,13514480.0,1.0,0,0.0
wat,2016-03-24,130.01,130.86,129.26,129.8,279169.0,1.0,0,0.0
wba,2016-03-24,82.24,82.375,81.71,82.31,1662793.0000000037,1.0,0,0.0
wdc,2016-03-24,48.63,48.71,46.71,48.11,5785295.0,1.0,0,0.0
wec,2016-03-24,58.67,59.22,58.6,58.88,986822.0,1.0,0,0.0
wfc,2016-03-24,49.02,49.08,48.52,48.89,18456633.0,1.0,0,0.0
wfm,2016-03-24,31.97,32.155,31.51,32.14,2852907.0,1.0,0,0.0
wft,2016-03-24,7.03,7.52,6.93,7.41,8598992.0,1.0,0,0.0
whr,2016-03-24,174.0,175.26,172.21,175.04,764309.0000000005,1.0,0,0.0
win,2016-03-24,7.25,7.5,7.13,7.495,1852546.0,1.0,0,0.0
wm,2016-03-24,58.75,59.12,58.58,59.11,1921033.0,1.0,0,0.0
wmb,2016-03-24,15.79,15.8,14.85,15.35,14469124.000000015,1.0,0,0.0
wmt,2016-03-24,67.43,68.04,67.32,68.01,5658548.000000022,1.0,0,0.0
wor,2016-03-24,35.45,36.1899,35.43,35.68,475839.00000000006,1.0,0,0.0
wpx,2016-03-24,6.07,6.6,5.8,6.49,7708863.0,1.0,0,0.0
wsh,2016-01-04,48.02,48.11,46.43,46.64,14057847.0,1.0,0,0.0
wu,2016-03-24,18.68,18.85,18.61,18.79,3048605.999999998,1.0,0,0.0
wy,2016-03-24,30.14,30.39,29.83,30.335,4035043.000000015,1.0,0,0.0
wyn,2016-03-24,73.82,75.22,73.42,74.96,892650.9999999991,1.0,0,0.0
wynn,2016-03-24,90.5,93.68,89.55,93.47,3252477.999999998,1.0,0,0.0
x,2016-03-24,14.45,15.84,14.02,15.77,17243212.0,1.0,0,0.0
xec,2016-03-24,92.12,96.01,91.335,95.64,954704.0000000008,1.0,0,0.0
xel,2016-03-24,41.12,41.39,40.94,41.24,1825306.999999999,1.0,0,0.0
xl,2016-03-24,36.7,36.81,36.425,36.62,1771634.999999999,1.0,0,0.0
xlnx,2016-03-24,47.08,47.23,46.9,47.02,1376211.9999999972,1.0,0,0.0
xom,2016-03-24,82.94,84.03,82.93,83.97,7842423.000000007,1.0,0,0.0
xray,2016-03-24,58.77,59.76,58.44,59.62,2935379.999999998,1.0,0,0.0
xrx,2016-03-24,10.51,10.64,10.345,10.635,3592303.0,1.0,0,0.0
xyl,2016-03-24,39.04,39.82,38.86,39.81,1683797.9999999981,1.0,0,0.0
yhoo,2016-03-24,34.45,34.865,33.93,34.86,13389409.0,1.0,0,0.0
yum,2016-03-24,80.11,80.11,78.9,79.33,2736525.9999999963,1.0,0,0.0
zbh,2016-03-24,103.58,104.31,103.07,103.7,558925.0,1.0,0,0.0
zion,2016-03-24,24.67,25.08,24.185,25.01,2711849.0000000056,1.0,0,0.0
zts,2016-03-24,42.27,43.06,42.13,42.47,4175295.0,1.0,0,0.0
