Date,Time,Open,High,Low,Close,Volume,Split Factor,Earnings,Dividends
2016-01-04,10:31:00,31.354,31.5022,30.8105,30.939,67606.12100000001,1.0,0.0,0.0
2016-01-04,11:33:00,30.9093,31.0378,30.3659,30.4943,147768.97960000002,1.0,0.0,0.0
2016-01-04,12:35:00,30.4844,30.524,30.2374,30.2967,88551.30800000006,1.0,0.0,0.0
2016-01-04,13:37:00,30.3263,30.7414,30.3263,30.6623,106566.79000000004,1.0,0.0,0.0
2016-01-04,14:40:00,30.6771,30.7018,30.4746,30.4894,80698.24140000006,1.0,0.0,0.0
2016-01-04,15:40:00,30.4844,30.5042,29.9508,30.0101,217192.72900000014,1.0,0.0,0.0
2016-01-05,10:12:00,30.0101,30.6919,29.9805,30.5734,309763.651,1.0,0.0,0.0
2016-01-05,11:14:00,30.5536,30.771,30.188000000000002,30.4746,81175.92700000001,1.0,0.0,0.0
2016-01-05,12:19:00,30.4696,30.6129,30.3362,30.3659,57665.321899999966,1.0,0.0,0.0
2016-01-05,13:24:00,30.355999999999998,30.5437,30.2374,30.3164,48489.594399999936,1.0,0.0,0.0
2016-01-05,14:35:00,30.3263,30.5141,30.2572,30.435,64636.92699999999,1.0,0.0,0.0
2016-01-05,15:38:00,30.4449,30.4746,30.2967,30.3164,73776.22779999995,1.0,0.0,0.0
2016-01-06,10:12:00,30.3263,30.3757,28.9429,29.6741,168456.22280000002,1.0,0.0,0.0
2016-01-06,11:19:00,29.7038,29.9014,29.5753,29.7532,48730.43849999998,1.0,0.0,0.0
2016-01-06,12:26:00,29.7828,29.8817,29.6149,29.6544,62737.45559999998,1.0,0.0,0.0
2016-01-06,13:36:00,29.6346,29.6939,29.4073,29.5012,46255.107899999995,1.0,0.0,0.0
2016-01-06,14:43:00,29.5012,30.188000000000002,29.4765,29.8421,176129.137,1.0,0.0,0.0
2016-01-06,15:45:00,29.8482,30.1485,29.8125,30.0299,151436.4614,1.0,0.0,0.0
2016-01-07,10:24:00,30.0299,30.0595,29.101,29.101,173606.21599999993,1.0,0.0,0.0
2016-01-07,11:31:00,29.1208,29.605,29.101,29.4271,145269.4876,1.0,0.0,0.0
2016-01-07,12:40:00,29.436999999999998,29.4666,29.0516,29.1208,63828.331299999896,1.0,0.0,0.0
2016-01-07,13:43:00,29.1306,29.1504,28.686,28.8046,58438.49069999981,1.0,0.0,0.0
2016-01-07,14:48:00,28.7947,28.9922,28.7947,28.9726,43647.211699999825,1.0,0.0,0.0
2016-01-07,15:50:00,28.9628,29.0121,28.6069,28.8046,116572.39299999976,1.0,0.0,0.0
2016-01-08,10:24:00,28.8145,28.9824,28.4093,28.5971,159503.07899999974,1.0,0.0,0.0
2016-01-08,11:29:00,28.6069,28.6465,28.0437,28.103,134943.0268999998,1.0,0.0,0.0
2016-01-08,12:38:00,28.103,28.7453,28.0536,28.5674,58675.298999999766,1.0,0.0,0.0
2016-01-08,13:51:00,28.5477,28.7947,28.5081,28.686,49948.88189999978,1.0,0.0,0.0
2016-01-08,14:53:00,28.7156,28.8441,28.5872,28.5872,52967.660699999775,1.0,0.0,0.0
2016-01-08,15:55:00,28.5674,28.6168,28.1228,28.1228,105177.3377999998,1.0,0.0,0.0
2016-01-11,10:31:00,28.1228,28.3599,28.0239,28.1326,81994.63549999989,1.0,0.0,0.0
2016-01-11,11:33:00,28.1326,28.2413,27.6682,27.7176,69385.1853999999,1.0,0.0,0.0
2016-01-11,12:34:00,27.7374,27.8263,27.6188,27.7077,59373.58659999989,1.0,0.0,0.0
2016-01-11,13:37:00,27.7077,27.7571,27.5101,27.52,41361.1148999999,1.0,0.0,0.0
2016-01-11,14:39:00,27.4903,27.6386,27.4113,27.5694,68356.0139999999,1.0,0.0,0.0
2016-01-11,15:39:00,27.5694,27.9251,27.5299,27.8955,79205.59369999985,1.0,0.0,0.0
2016-01-12,10:15:00,27.9054,28.2907,27.8065,27.9745,125358.42299999986,1.0,0.0,0.0
2016-01-12,11:23:00,27.9449,28.0042,27.7473,27.7473,58995.067399999905,1.0,0.0,0.0
2016-01-12,12:27:00,27.7473,27.9844,27.5694,27.8757,145474.90099999995,1.0,0.0,0.0
2016-01-12,13:34:00,27.855999999999998,27.8856,27.6781,27.7868,67669.82219999997,1.0,0.0,0.0
2016-01-12,14:41:00,27.7917,28.0042,27.7473,27.9152,84889.91619999993,1.0,0.0,0.0
2016-01-12,15:44:00,27.935,28.2611,27.8362,28.2018,93067.81930000003,1.0,0.0,0.0
2016-01-13,10:16:00,28.2018,29.2196,28.1919,28.7749,830079.0968000003,1.0,0.0,0.0
2016-01-13,11:16:00,28.8046,29.2097,28.5477,29.1504,100303.56180000029,1.0,0.0,0.0
2016-01-13,12:21:00,29.1603,29.3777,28.7552,28.9627,95726.37120000026,1.0,0.0,0.0
2016-01-13,13:25:00,28.933000000000003,29.2394,28.8243,29.0615,78213.82400000028,1.0,0.0,0.0
2016-01-13,14:27:00,29.0318,29.0318,28.518,28.6069,98495.17200000028,1.0,0.0,0.0
2016-01-13,15:28:00,28.5971,28.6761,28.4192,28.5971,109884.12900000026,1.0,0.0,0.0
2016-01-14,10:03:00,28.6168,28.6168,28.1919,28.4192,235365.14200000025,1.0,0.0,0.0
2016-01-14,11:08:00,28.4291,29.0714,28.4192,28.8441,58030.66680000022,1.0,0.0,0.0
2016-01-14,12:18:00,28.7848,28.8243,28.4686,28.6465,39913.9808000002,1.0,0.0,0.0
2016-01-14,13:28:00,28.6761,29.0022,28.6366,28.9429,55391.36120000023,1.0,0.0,0.0
2016-01-14,14:31:00,28.9528,29.0516,28.8441,29.022,47975.4934000002,1.0,0.0,0.0
2016-01-14,15:32:00,29.022,29.5062,29.0121,29.2196,150305.13700000022,1.0,0.0,0.0
2016-01-15,10:05:00,29.1998,29.2196,27.8065,27.8461,157616.7880000002,1.0,0.0,0.0
2016-01-15,11:09:00,27.8461,27.9844,27.7077,27.8757,87619.28870000032,1.0,0.0,0.0
2016-01-15,12:13:00,27.8658,27.9251,27.3619,27.515,55045.25400000033,1.0,0.0,0.0
2016-01-15,13:15:00,27.52,27.5299,27.1939,27.4607,84996.20250000032,1.0,0.0,0.0
2016-01-15,14:22:00,27.4903,27.7176,27.4706,27.6781,52433.32190000035,1.0,0.0,0.0
2016-01-15,15:24:00,27.6781,27.9449,27.5694,27.6978,63871.904000000366,1.0,0.0,0.0
2016-01-19,09:54:00,27.688000000000002,28.2314,27.5397,27.7398,344600.53300000046,1.0,0.0,0.0
2016-01-19,10:55:00,27.6682,27.7769,27.1741,27.184,140155.87910000037,1.0,0.0,0.0
2016-01-19,11:57:00,27.1742,27.4508,27.0753,27.3619,107611.17600000033,1.0,0.0,0.0
2016-01-19,12:59:00,27.3619,27.3718,27.0951,27.1445,50447.81000000033,1.0,0.0,0.0
2016-01-19,14:01:00,27.1346,27.2532,26.9913,26.9963,82047.19600000035,1.0,0.0,0.0
2016-01-19,15:01:00,26.9963,27.1247,26.8876,27.0852,137349.61800000034,1.0,0.0,0.0
2016-01-20,09:31:00,27.0852,27.599,26.8974,26.9073,297752.3080000003,1.0,0.0,0.0
2016-01-20,10:37:00,26.848000000000003,26.9172,26.018,26.0378,71981.95540000034,1.0,0.0,0.0
2016-01-20,11:39:00,26.0279,26.2354,25.8895,26.0674,96932.64600000031,1.0,0.0,0.0
2016-01-20,12:45:00,26.0476,26.0773,25.6919,25.7067,57274.68990000032,1.0,0.0,0.0
2016-01-20,13:46:00,25.7117,26.1267,25.6721,26.0872,100795.3819000003,1.0,0.0,0.0
2016-01-20,14:46:00,26.0872,26.2848,25.9291,26.1366,92095.32900000025,1.0,0.0,0.0
2016-01-20,15:47:00,26.1563,26.8974,26.1366,26.5911,165111.5528000003,1.0,0.0,0.0
2016-01-21,10:20:00,26.5812,26.6801,26.0081,26.6702,192538.59300000023,1.0,0.0,0.0
2016-01-21,11:22:00,26.6504,26.8283,26.4627,26.6899,52495.04040000024,1.0,0.0,0.0
2016-01-21,12:27:00,26.7393,27.0852,26.6405,27.0259,49997.45560000024,1.0,0.0,0.0
2016-01-21,13:34:00,27.0259,27.0654,26.4824,26.4824,53029.41880000022,1.0,0.0,0.0
2016-01-21,14:35:00,26.4824,26.6702,26.3243,26.5121,57874.80680000024,1.0,0.0,0.0
2016-01-21,15:35:00,26.5022,26.6504,26.3836,26.5417,91777.54100000022,1.0,0.0,0.0
2016-01-22,10:10:00,26.5219,27.4014,26.4429,27.2433,186356.26090000017,1.0,0.0,0.0
2016-01-22,11:14:00,27.2631,27.4607,27.0358,27.0654,82767.80000000022,1.0,0.0,0.0
2016-01-22,12:20:00,27.0555,27.2927,27.0161,27.2532,127629.37400000024,1.0,0.0,0.0
2016-01-22,13:27:00,27.2433,27.4409,27.1247,27.3322,88201.13650000027,1.0,0.0,0.0
2016-01-22,14:34:00,27.3322,27.5595,27.3125,27.3717,67269.12700000026,1.0,0.0,0.0
2016-01-22,15:36:00,27.3619,27.4212,27.2334,27.3421,108365.08100000027,1.0,0.0,0.0
2016-01-25,10:07:00,27.351999999999997,27.5299,27.0358,27.2433,147591.93380000026,1.0,0.0,0.0
2016-01-25,11:20:00,27.2631,27.2729,26.7492,26.8382,40619.31990000022,1.0,0.0,0.0
2016-01-25,12:30:00,26.8678,26.9271,26.6603,26.7493,41839.79560000022,1.0,0.0,0.0
2016-01-25,13:45:00,26.7592,26.8382,26.6702,26.6899,52462.66440000023,1.0,0.0,0.0
2016-01-25,15:01:00,26.7196,26.7196,26.5615,26.6801,55243.60850000025,1.0,0.0,0.0
2016-01-26,09:34:00,26.6801,26.7492,26.4034,26.7492,111873.67800000022,1.0,0.0,0.0
2016-01-26,10:38:00,26.8579,27.0258,26.5417,26.9814,94886.37490000011,1.0,0.0,0.0
2016-01-26,11:50:00,26.9666,27.105,26.8184,27.0753,56206.03760000015,1.0,0.0,0.0
2016-01-26,13:05:00,27.0753,27.2729,27.0259,27.0951,44086.431000000164,1.0,0.0,0.0
2016-01-26,14:15:00,27.0654,27.0852,26.8579,26.8678,49663.49820000018,1.0,0.0,0.0
2016-01-26,15:20:00,26.8678,27.0753,26.8382,26.9567,100453.43830000018,1.0,0.0,0.0
2016-01-27,09:55:00,26.9864,27.0753,26.7196,26.9666,145243.0879000001,1.0,0.0,0.0
2016-01-27,11:04:00,26.9073,27.1741,26.848000000000003,27.016,161746.69900000005,1.0,0.0,0.0
2016-01-27,12:13:00,27.016,27.2631,26.9567,27.2334,101455.23280000003,1.0,0.0,0.0
2016-01-27,13:25:00,27.2334,27.4409,27.2334,27.3718,70209.99180000002,1.0,0.0,0.0
2016-01-27,14:37:00,27.4014,27.4508,27.0654,27.1247,101741.64790000004,1.0,0.0,0.0
2016-01-27,15:39:00,27.1445,27.1445,26.8678,26.8876,143476.18300000008,1.0,0.0,0.0
2016-01-28,10:10:00,26.8778,27.5002,26.8778,27.2631,145022.53089999993,1.0,0.0,0.0
2016-01-28,11:13:00,27.3026,27.3619,26.9567,27.2631,90560.13299999996,1.0,0.0,0.0
2016-01-28,12:24:00,27.2927,27.3322,26.6899,26.7887,87674.9386999999,1.0,0.0,0.0
2016-01-28,13:37:00,26.7986,27.0654,26.7097,26.853,78805.85499999994,1.0,0.0,0.0
2016-01-28,14:44:00,26.8522,26.8678,26.6603,26.6801,69126.1546999999,1.0,0.0,0.0
2016-01-28,15:44:00,26.6899,26.7295,26.4923,26.4923,139881.5879999999,1.0,0.0,0.0
2016-01-29,10:17:00,26.5022,27.7077,26.5022,27.6386,243814.08599999984,1.0,0.0,0.0
2016-01-29,11:22:00,27.6287,27.6484,27.2631,27.4805,61764.912799999904,1.0,0.0,0.0
2016-01-29,12:34:00,27.5002,27.7176,27.3322,27.6188,51497.242899999925,1.0,0.0,0.0
2016-01-29,13:42:00,27.6385,27.8065,27.599,27.8065,44849.44679999992,1.0,0.0,0.0
2016-01-29,14:45:00,27.8164,27.8362,27.4903,27.5299,58039.76739999989,1.0,0.0,0.0
2016-01-29,15:46:00,27.5397,27.7868,27.4508,27.7473,131035.73899999991,1.0,0.0,0.0
2016-02-01,10:20:00,27.7571,27.8658,27.2334,27.3421,192045.71569999986,1.0,0.0,0.0
2016-02-01,11:27:00,27.351999999999997,27.7176,27.2236,27.5595,67675.99019999994,1.0,0.0,0.0
2016-02-01,12:36:00,27.5892,27.6682,27.4607,27.4607,47591.972399999926,1.0,0.0,0.0
2016-02-01,13:50:00,27.4409,27.4805,27.2927,27.4508,35594.792599999935,1.0,0.0,0.0
2016-02-01,15:03:00,27.4508,27.599,27.3816,27.599,44675.41649999996,1.0,0.0,0.0
2016-02-02,09:38:00,27.5793,27.8164,27.1741,27.2433,122829.50199999993,1.0,0.0,0.0
2016-02-02,10:55:00,27.1741,27.1939,26.8974,27.0457,57045.976299999966,1.0,0.0,0.0
2016-02-02,12:03:00,27.0358,27.263,26.9963,27.105,45712.686899999986,1.0,0.0,0.0
2016-02-02,13:19:00,27.0555,27.0852,26.8974,26.9567,44831.267599999956,1.0,0.0,0.0
2016-02-02,14:30:00,26.9567,26.9864,26.6306,26.6504,47546.41399999996,1.0,0.0,0.0
2016-02-02,15:36:00,26.6504,26.769000000000002,26.5516,26.6504,53580.93699999995,1.0,0.0,0.0
2016-02-03,10:13:00,26.6603,27.1247,26.5318,26.5318,90171.50409999993,1.0,0.0,0.0
2016-02-03,11:13:00,26.5022,26.5417,26.1267,26.3243,54232.64299999989,1.0,0.0,0.0
2016-02-03,12:14:00,26.3046,26.6504,26.3046,26.5812,52874.580299999914,1.0,0.0,0.0
2016-02-03,13:16:00,26.5812,26.7097,26.5219,26.5516,41509.88199999993,1.0,0.0,0.0
2016-02-03,14:21:00,26.5318,26.5516,26.3342,26.4923,48378.25989999994,1.0,0.0,0.0
2016-02-03,15:21:00,26.5318,26.7394,26.5318,26.6553,142768.87799999985,1.0,0.0,0.0
2016-02-04,09:54:00,26.6504,27.2828,26.5229,27.2828,143586.49399999986,1.0,0.0,0.0
2016-02-04,10:58:00,27.2729,27.8065,27.2334,27.6781,118724.86469999986,1.0,0.0,0.0
2016-02-04,12:07:00,27.7176,27.7176,27.2334,27.4471,87356.12199999976,1.0,0.0,0.0
2016-02-04,13:14:00,27.4903,27.6583,27.2729,27.4113,59159.00499999974,1.0,0.0,0.0
2016-02-04,14:17:00,27.4113,27.4805,27.0555,27.1741,94446.20469999973,1.0,0.0,0.0
2016-02-04,15:19:00,27.184,27.3718,27.0951,27.2729,49840.58969999969,1.0,0.0,0.0
2016-02-05,09:51:00,27.2334,27.7473,27.2235,27.6089,105167.15299999971,1.0,0.0,0.0
2016-02-05,10:56:00,27.6287,27.855999999999998,27.2729,27.5002,59208.62299999968,1.0,0.0,0.0
2016-02-05,12:03:00,27.4706,27.5002,27.2334,27.4409,53559.683999999674,1.0,0.0,0.0
2016-02-05,13:12:00,27.4607,27.6188,27.4212,27.5101,30293.962299999683,1.0,0.0,0.0
2016-02-05,14:13:00,27.4805,27.5101,27.3619,27.3619,59125.61399999969,1.0,0.0,0.0
2016-02-05,15:16:00,27.3619,27.3915,27.2631,27.3322,41919.74559999965,1.0,0.0,0.0
2016-02-08,09:51:00,27.3421,27.4607,26.7097,26.7196,134022.15739999965,1.0,0.0,0.0
2016-02-08,10:55:00,26.7295,26.769000000000002,26.0773,26.1662,61798.290999999546,1.0,0.0,0.0
2016-02-08,12:01:00,26.1465,26.1465,25.6623,26.0081,97614.66499999953,1.0,0.0,0.0
2016-02-08,13:16:00,26.0476,26.2057,25.9291,25.9291,30737.228699999527,1.0,0.0,0.0
2016-02-08,14:20:00,25.9192,25.9192,25.5338,25.5931,48745.62679999952,1.0,0.0,0.0
2016-02-08,15:24:00,25.603,25.8698,25.5733,25.85,71236.17069999952,1.0,0.0,0.0
2016-02-09,09:58:00,25.85,26.1069,25.5733,25.8797,121403.57489999942,1.0,0.0,0.0
2016-02-09,11:02:00,25.85,26.1168,25.3964,25.5536,52081.165699999445,1.0,0.0,0.0
2016-02-09,12:05:00,25.5239,25.771,25.2966,25.3461,52893.7722999994,1.0,0.0,0.0
2016-02-09,13:08:00,25.3461,25.4053,25.0595,25.099,67127.46059999945,1.0,0.0,0.0
2016-02-09,14:13:00,25.0891,25.1385,24.9508,25.1089,121863.08799999942,1.0,0.0,0.0
2016-02-09,15:15:00,25.1188,25.4546,25.0298,25.3757,71550.84789999938,1.0,0.0,0.0
2016-02-10,09:49:00,25.3658,25.3856,24.9409,25.2077,234970.40489999932,1.0,0.0,0.0
2016-02-10,10:51:00,25.1978,25.3164,24.9409,25.1385,98582.19999999943,1.0,0.0,0.0
2016-02-10,11:56:00,25.1681,25.1781,24.9113,25.0792,43511.60839999943,1.0,0.0,0.0
2016-02-10,13:04:00,25.0931,25.3065,24.9706,25.2769,66730.71999999948,1.0,0.0,0.0
2016-02-10,14:16:00,25.2571,25.2571,25.0298,25.1287,48565.49269999946,1.0,0.0,0.0
2016-02-10,15:19:00,25.1188,25.1978,25.0002,25.02,162478.32999999946,1.0,0.0,0.0
2016-02-11,09:52:00,25.02,25.1089,24.3875,24.6642,225633.74999999936,1.0,0.0,0.0
2016-02-11,10:53:00,24.684,24.8619,24.3777,24.4073,61577.699299999345,1.0,0.0,0.0
2016-02-11,11:54:00,24.4073,24.516,24.2097,24.3283,47884.43569999934,1.0,0.0,0.0
2016-02-11,12:59:00,24.3381,24.5061,24.2591,24.4666,44174.45449999932,1.0,0.0,0.0
2016-02-11,14:05:00,24.4666,24.516,24.3381,24.3974,65049.85899999936,1.0,0.0,0.0
2016-02-11,15:07:00,24.4073,24.6447,24.2591,24.3974,131279.62989999933,1.0,0.0,0.0
2016-02-12,09:39:00,24.4073,24.5654,24.2492,24.4765,219976.86889999942,1.0,0.0,0.0
2016-02-12,10:39:00,24.4567,24.4765,23.8243,23.9626,128073.65499999939,1.0,0.0,0.0
2016-02-12,11:40:00,23.9528,24.3875,23.8441,24.2591,121330.77039999937,1.0,0.0,0.0
2016-02-12,12:42:00,24.2788,24.4666,24.2788,24.4172,87264.08299999937,1.0,0.0,0.0
2016-02-12,13:44:00,24.3974,24.3974,24.1207,24.2097,68398.5282999993,1.0,0.0,0.0
2016-02-12,14:46:00,24.2196,24.3184,24.1207,24.18,90641.0741999993,1.0,0.0,0.0
2016-02-12,15:46:00,24.1702,24.2887,24.1405,24.1899,128185.00499999922,1.0,0.0,0.0
2016-02-16,10:18:00,24.1899,24.7532,24.0615,24.7136,244484.08999999939,1.0,0.0,0.0
2016-02-16,11:18:00,24.6939,24.8223,24.6148,24.7729,161862.07499999925,1.0,0.0,0.0
2016-02-16,12:23:00,24.7729,25.267,24.6741,25.2423,119388.71089999925,1.0,0.0,0.0
2016-02-16,13:26:00,25.2374,25.3856,25.1089,25.3757,125210.75099999936,1.0,0.0,0.0
2016-02-16,14:28:00,25.3658,25.3658,25.1385,25.3065,119137.75799999943,1.0,0.0,0.0
2016-02-16,15:30:00,25.3065,25.4844,25.3065,25.4449,109647.32999999938,1.0,0.0,0.0
2016-02-17,10:03:00,25.4449,26.433000000000003,25.3461,26.433000000000003,266993.8309999993,1.0,0.0,0.0
2016-02-17,11:08:00,26.4133,26.9073,26.3737,26.7887,88793.15329999937,1.0,0.0,0.0
2016-02-17,12:09:00,26.7789,28.3797,26.5417,27.2532,575028.4379999992,1.0,0.0,0.0
2016-02-17,13:12:00,27.2433,27.8955,27.2334,27.8757,189911.47499999937,1.0,0.0,0.0
2016-02-17,14:14:00,27.855999999999998,28.3698,27.5892,28.3599,216283.85719999942,1.0,0.0,0.0
2016-02-17,15:17:00,28.3204,28.439,28.1228,28.3303,170335.43579999948,1.0,0.0,0.0
2016-02-18,09:48:00,28.3105,29.4864,28.182,29.4666,329215.2259999993,1.0,0.0,0.0
2016-02-18,10:49:00,29.4568,30.0002,29.2987,29.8619,208414.67099999913,1.0,0.0,0.0
2016-02-18,11:51:00,29.8817,30.0595,29.6544,29.7137,213537.43389999936,1.0,0.0,0.0
2016-02-18,12:52:00,29.7038,30.2967,29.6741,30.2275,137468.96699999928,1.0,0.0,0.0
2016-02-18,13:55:00,30.2473,30.3362,29.9904,30.1287,131483.06269999937,1.0,0.0,0.0
2016-02-18,15:02:00,30.1287,30.4943,30.0892,30.4449,165153.07699999944,1.0,0.0,0.0
2016-02-19,09:32:00,30.435,30.5338,29.9212,29.9311,294663.6899999995,1.0,0.0,0.0
2016-02-19,10:35:00,29.9212,30.0595,28.9232,29.6544,260926.88199999937,1.0,0.0,0.0
2016-02-19,11:38:00,29.6544,29.8915,29.3777,29.8323,140844.9359999996,1.0,0.0,0.0
2016-02-19,12:41:00,29.8323,30.1386,29.8323,30.0101,83295.01329999953,1.0,0.0,0.0
2016-02-19,13:45:00,30.02,30.0694,29.7927,29.8224,98108.57349999953,1.0,0.0,0.0
2016-02-19,14:46:00,29.8224,29.8718,29.6544,29.8199,100367.34239999956,1.0,0.0,0.0
2016-02-19,15:48:00,29.8323,29.9904,29.8298,29.9311,203381.0452999996,1.0,0.0,0.0
2016-02-22,10:21:00,29.9311,31.1761,29.8718,30.9489,290837.4298999995,1.0,0.0,0.0
2016-02-22,11:23:00,30.9686,31.0278,30.5338,30.5437,158209.64129999944,1.0,0.0,0.0
2016-02-22,12:31:00,30.5338,30.7018,30.4153,30.7018,159375.57799999946,1.0,0.0,0.0
2016-02-22,13:37:00,30.6919,30.771,30.2967,30.4844,179819.71429999953,1.0,0.0,0.0
2016-02-22,14:38:00,30.4943,30.8105,30.4746,30.7908,101209.3209999995,1.0,0.0,0.0
2016-02-22,15:39:00,30.7809,30.9983,30.771,30.8797,220810.55799999964,1.0,0.0,0.0
2016-02-23,10:13:00,30.8896,31.3145,29.7631,30.2349,521956.95599999983,1.0,0.0,0.0
2016-02-23,11:13:00,30.2374,30.3856,30.0694,30.1089,157127.96099999975,1.0,0.0,0.0
2016-02-23,12:13:00,30.1188,30.3164,29.6643,29.6939,133857.20799999996,1.0,0.0,0.0
2016-02-23,13:16:00,29.684,29.684,28.8836,29.1569,213000.03999999975,1.0,0.0,0.0
2016-02-23,14:17:00,29.1504,29.773000000000003,29.1504,29.7038,116105.81819999986,1.0,0.0,0.0
2016-02-23,15:21:00,29.7433,29.9311,29.5457,29.6544,177990.17899999983,1.0,0.0,0.0
2016-02-24,09:55:00,29.6445,29.8026,29.0318,29.4568,336061.25559999974,1.0,0.0,0.0
2016-02-24,10:58:00,29.4469,29.8224,29.3778,29.6939,60187.19899999974,1.0,0.0,0.0
2016-02-24,11:58:00,29.7038,29.9805,29.6247,29.9286,63955.864999999714,1.0,0.0,0.0
2016-02-24,13:01:00,29.9409,30.2077,29.9261,30.2077,78671.23499999978,1.0,0.0,0.0
2016-02-24,14:11:00,30.1979,30.3362,30.0496,30.0496,99400.8825999998,1.0,0.0,0.0
2016-02-24,15:11:00,30.0398,30.0398,29.2295,29.2987,248066.5299999999,1.0,0.0,0.0
2016-02-25,09:42:00,29.2888,30.0694,29.1998,29.63,303355.2819999998,1.0,0.0,0.36
2016-02-25,10:45:00,29.63,29.93,29.47,29.75,135507.99999999983,1.0,0.0,0.36
2016-02-25,11:46:00,29.75,29.83,29.664,29.8,94832.99999999983,1.0,0.0,0.36
2016-02-25,12:50:00,29.79,29.94,29.75,29.85,75551.99999999983,1.0,0.0,0.36
2016-02-25,13:56:00,29.85,30.18,29.8,30.18,99966.99999999983,1.0,0.0,0.36
2016-02-25,14:57:00,30.19,30.46,30.19,30.45,86417.99999999983,1.0,0.0,0.36
2016-02-25,15:58:00,30.46,30.63,30.4,30.63,165901.99999999983,1.0,0.0,0.36
2016-02-26,10:35:00,30.63,30.99,30.14,30.29,139131.99999999983,1.0,0.0,0.0
2016-02-26,11:37:00,30.3,30.62,30.25,30.3,93618.99999999983,1.0,0.0,0.0
2016-02-26,12:44:00,30.29,30.53,30.23,30.46,76358.99999999983,1.0,0.0,0.0
2016-02-26,13:52:00,30.45,30.47,30.29,30.2999,83153.99999999983,1.0,0.0,0.0
2016-02-26,14:54:00,30.3,30.3,29.94,29.96,73388.99999999983,1.0,0.0,0.0
2016-02-26,15:55:00,29.96,30.16,29.94,30.14,116406.99999999983,1.0,0.0,0.0
2016-02-29,10:29:00,30.13,30.67,30.06,30.64,110140.99999999983,1.0,0.0,0.0
2016-02-29,11:32:00,30.66,30.95,30.59,30.8599,106825.99999999983,1.0,0.0,0.0
2016-02-29,12:36:00,30.857,31.35,30.855,31.31,110512.99999999983,1.0,0.0,0.0
2016-02-29,13:42:00,31.32,31.59,31.2,31.41,113263.99999999983,1.0,0.0,0.0
2016-02-29,14:50:00,31.4,31.51,31.18,31.18,80522.99999999983,1.0,0.0,0.0
2016-02-29,15:52:00,31.17,31.19,31.0,31.125,129556.99999999983,1.0,0.0,0.0
2016-03-01,10:29:00,31.13,31.79,31.0,31.79,178874.99999999983,1.0,0.0,0.0
2016-03-01,11:31:00,31.75,32.05,31.74,31.88,116337.99999999983,1.0,0.0,0.0
2016-03-01,12:34:00,31.89,32.03,31.84,31.89,76873.99999999983,1.0,0.0,0.0
2016-03-01,13:35:00,31.89,31.9,31.57,31.6299,164884.99999999983,1.0,0.0,0.0
2016-03-01,14:38:00,31.63,31.68,31.42,31.68,98762.99999999983,1.0,0.0,0.0
2016-03-01,15:43:00,31.68,31.87,31.67,31.8,121567.99999999983,1.0,0.0,0.0
2016-03-02,10:18:00,31.8,32.16,31.45,31.54,232304.99999999983,1.0,0.0,0.0
2016-03-02,11:19:00,31.53,31.92,31.42,31.78,89609.99999999983,1.0,0.0,0.0
2016-03-02,12:29:00,31.79,31.84,31.62,31.66,57188.999999999825,1.0,0.0,0.0
2016-03-02,13:43:00,31.65,31.79,31.63,31.78,40733.999999999825,1.0,0.0,0.0
2016-03-02,14:46:00,31.78,31.83,31.69,31.8,50926.999999999825,1.0,0.0,0.0
2016-03-02,15:48:00,31.82,31.97,31.77,31.94,95767.99999999983,1.0,0.0,0.0
2016-03-03,10:19:00,31.95,32.5,31.79,32.39,139803.99999999983,1.0,0.0,0.0
2016-03-03,11:22:00,32.37,32.76,32.07,32.07,97641.99999999983,1.0,0.0,0.0
2016-03-03,12:24:00,32.06,32.26,32.0,32.0999,67709.99999999983,1.0,0.0,0.0
2016-03-03,13:34:00,32.08,32.3,32.0286,32.3,65354.999999999825,1.0,0.0,0.0
2016-03-03,14:41:00,32.31,32.52,32.3,32.46,80524.99999999983,1.0,0.0,0.0
2016-03-03,15:46:00,32.46,32.46,32.295,32.44,116389.99999999983,1.0,0.0,0.0
2016-03-04,10:17:00,32.4425,32.77,32.3,32.55,260005.99999999983,1.0,0.0,0.0
2016-03-04,11:21:00,32.55,32.89,32.54,32.67,99873.99999999983,1.0,0.0,0.0
2016-03-04,12:24:00,32.67,32.77,32.56,32.73,112211.99999999983,1.0,0.0,0.0
2016-03-04,13:28:00,32.74,32.82,32.64,32.73,62465.999999999825,1.0,0.0,0.0
2016-03-04,14:29:00,32.75,32.84,32.5,32.55,73478.99999999983,1.0,0.0,0.0
2016-03-04,15:29:00,32.55,32.63,32.31,32.63,75805.99999999983,1.0,0.0,0.0
2016-03-07,10:02:00,32.63,33.29,32.55,33.16,170264.99999999983,1.0,0.0,0.0
2016-03-07,11:04:00,33.2,33.68,33.15,33.5,110749.99999999983,1.0,0.0,0.0
2016-03-07,12:10:00,33.49,33.54,33.39,33.48,70498.99999999983,1.0,0.0,0.0
2016-03-07,13:15:00,33.47,33.57,33.41,33.47,54696.999999999825,1.0,0.0,0.0
2016-03-07,14:23:00,33.46,33.56,33.32,33.49,61492.999999999825,1.0,0.0,0.0
2016-03-07,15:25:00,33.47,33.51,33.26,33.47,84664.99999999983,1.0,0.0,0.0
2016-03-08,09:56:00,33.47,33.61,32.07,32.07,229415.99999999983,1.0,0.0,0.0
2016-03-08,10:59:00,32.04,32.09,31.35,31.45,126577.99999999983,1.0,0.0,0.0
2016-03-08,12:01:00,31.4597,31.61,31.23,31.33,89074.99999999983,1.0,0.0,0.0
2016-03-08,13:06:00,31.32,31.91,31.31,31.88,38709.999999999825,1.0,0.0,0.0
2016-03-08,14:08:00,31.88,31.88,31.49,31.86,52404.999999999825,1.0,0.0,0.0
2016-03-08,15:11:00,31.84,32.03,31.83,31.9,78514.99999999983,1.0,0.0,0.0
2016-03-09,09:44:00,31.89,32.24,31.65,32.05,134071.99999999983,1.0,0.0,0.0
2016-03-09,10:47:00,32.05,32.05,31.64,31.86,101499.99999999983,1.0,0.0,0.0
2016-03-09,11:55:00,31.89,32.47,31.68,32.47,80172.99999999983,1.0,0.0,0.0
2016-03-09,12:58:00,32.48,32.58,32.21,32.27,41004.999999999825,1.0,0.0,0.0
2016-03-09,14:04:00,32.26,32.29,32.12,32.26,46665.999999999825,1.0,0.0,0.0
2016-03-09,15:06:00,32.25,32.29,32.12,32.16,55990.999999999825,1.0,0.0,0.0
2016-03-10,09:38:00,32.17,32.71,32.13,32.23,122170.99999999983,1.0,0.0,0.0
2016-03-10,10:42:00,32.105,32.43,31.48,31.485,88209.99999999983,1.0,0.0,0.0
2016-03-10,11:43:00,31.47,31.71,31.19,31.43,86842.99999999983,1.0,0.0,0.0
2016-03-10,12:45:00,31.41,31.59,31.23,31.24,47341.999999999825,1.0,0.0,0.0
2016-03-10,13:45:00,31.23,31.6,31.2,31.51,87496.99999999983,1.0,0.0,0.0
2016-03-10,14:47:00,31.5,31.76,31.43,31.76,51074.999999999825,1.0,0.0,0.0
2016-03-10,15:47:00,31.78,32.0,31.74,31.89,88737.99999999983,1.0,0.0,0.0
2016-03-11,10:27:00,31.88,32.85,31.86,32.72,118565.99999999983,1.0,0.0,0.0
2016-03-11,11:27:00,32.7,33.24,32.69,33.21,84680.99999999983,1.0,0.0,0.0
2016-03-11,12:37:00,33.21,33.48,33.2001,33.43,40942.999999999825,1.0,0.0,0.0
2016-03-11,13:45:00,33.39,33.43,33.21,33.28,47901.999999999825,1.0,0.0,0.0
2016-03-11,14:48:00,33.28,33.4,33.17,33.37,53430.999999999825,1.0,0.0,0.0
2016-03-11,15:50:00,33.38,33.599000000000004,33.38,33.45,85956.99999999983,1.0,0.0,0.0
2016-03-14,10:21:00,33.44,33.45,31.67,31.72,224113.99999999983,1.0,0.0,0.0
2016-03-14,11:22:00,31.69,32.01,31.34,31.54,350906.9999999998,1.0,0.0,0.0
2016-03-14,12:23:00,31.53,31.54,31.02,31.18,167803.99999999983,1.0,0.0,0.0
2016-03-14,13:26:00,31.16,31.68,31.09,31.64,102464.99999999983,1.0,0.0,0.0
2016-03-14,14:28:00,31.66,31.7,31.3,31.54,133614.99999999983,1.0,0.0,0.0
2016-03-14,15:29:00,31.55,31.65,31.38,31.41,110336.99999999983,1.0,0.0,0.0
2016-03-15,10:01:00,31.41,31.42,30.68,30.69,303541.9999999998,1.0,0.0,0.0
2016-03-15,11:01:00,30.68,30.79,30.22,30.24,159743.99999999983,1.0,0.0,0.0
2016-03-15,12:03:00,30.24,30.24,29.9,29.97,143046.99999999983,1.0,0.0,0.0
2016-03-15,13:08:00,29.97,30.38,29.92,30.285,98324.99999999983,1.0,0.0,0.0
2016-03-15,14:12:00,30.27,30.7799,30.27,30.77,147244.99999999983,1.0,0.0,0.0
2016-03-15,15:16:00,30.79,30.8199,30.48,30.53,86397.99999999983,1.0,0.0,0.0
2016-03-16,09:50:00,30.52,30.67,30.155,30.6,237742.99999999983,1.0,0.0,0.0
2016-03-16,10:53:00,30.62,30.68,30.2,30.39,104276.99999999983,1.0,0.0,0.0
2016-03-16,11:55:00,30.39,30.55,29.73,29.82,234484.99999999983,1.0,0.0,0.0
2016-03-16,12:57:00,29.8,29.85,29.21,29.55,355920.9999999998,1.0,0.0,0.0
2016-03-16,14:08:00,29.55,30.01,29.51,29.91,103668.99999999983,1.0,0.0,0.0
2016-03-16,15:09:00,29.9101,30.32,29.86,30.23,95751.99999999983,1.0,0.0,0.0
2016-03-17,09:43:00,30.23,30.28,30.06,30.16,196203.99999999983,1.0,0.0,0.0
2016-03-17,10:52:00,30.12,30.73,30.12,30.67,66108.99999999983,1.0,0.0,0.0
2016-03-17,11:56:00,30.68,30.76,30.49,30.62,69101.99999999983,1.0,0.0,0.0
2016-03-17,13:03:00,30.62,30.75,30.61,30.75,86475.99999999983,1.0,0.0,0.0
2016-03-17,14:05:00,30.75,30.75,30.5999,30.75,160270.99999999983,1.0,0.0,0.0
2016-03-17,15:05:00,30.73,31.17,30.73,31.17,170406.99999999983,1.0,0.0,0.0
2016-03-18,09:36:00,31.18,31.4235,30.88,31.4235,410496.9999999998,1.0,0.0,0.0
2016-03-18,10:39:00,31.41,31.74,31.4,31.5,104948.99999999983,1.0,0.0,0.0
2016-03-18,11:49:00,31.49,31.62,31.21,31.22,63307.999999999825,1.0,0.0,0.0
2016-03-18,13:03:00,31.27,31.4,31.15,31.29,51012.999999999825,1.0,0.0,0.0
2016-03-18,14:09:00,31.29,31.34,31.14,31.32,45428.999999999825,1.0,0.0,0.0
2016-03-18,15:11:00,31.32,31.36,31.22,31.29,30742.999999999825,1.0,0.0,0.0
2016-03-21,09:45:00,31.29,31.34,31.03,31.28,193017.99999999983,1.0,0.0,0.0
2016-03-21,10:56:00,31.26,31.29,30.840999999999998,30.92,58607.999999999825,1.0,0.0,0.0
2016-03-21,12:02:00,30.9299,31.27,30.89,31.08,60734.999999999825,1.0,0.0,0.0
2016-03-21,13:21:00,31.09,31.21,31.04,31.09,50413.999999999825,1.0,0.0,0.0
2016-03-21,14:26:00,31.1,31.28,31.09,31.25,38683.999999999825,1.0,0.0,0.0
2016-03-21,15:28:00,31.2389,31.38,31.2389,31.375,47680.999999999825,1.0,0.0,0.0
2016-03-22,10:04:00,31.37,31.45,31.07,31.44,151720.99999999983,1.0,0.0,0.0
2016-03-22,11:06:00,31.42,31.61,31.4,31.56,66930.99999999983,1.0,0.0,0.0
2016-03-22,12:26:00,31.57,31.69,31.5199,31.53,46775.999999999825,1.0,0.0,0.0
2016-03-22,13:39:00,31.54,31.67,31.54,31.61,35725.999999999825,1.0,0.0,0.0
2016-03-22,14:51:00,31.6,31.6,31.49,31.52,63547.999999999825,1.0,0.0,0.0
2016-03-22,15:56:00,31.54,31.55,31.45,31.53,60608.999999999825,1.0,0.0,0.0
2016-03-23,10:35:00,31.51,31.53,31.06,31.235,79510.99999999983,1.0,0.0,0.0
2016-03-23,11:50:00,31.25,31.39,31.16,31.21,73074.99999999983,1.0,0.0,0.0
2016-03-23,13:20:00,31.2,31.36,31.17,31.17,41219.999999999825,1.0,0.0,0.0
2016-03-23,14:46:00,31.175,31.27,31.13,31.17,44171.999999999825,1.0,0.0,0.0
2016-03-23,15:54:00,31.17,31.18,31.01,31.13,102256.99999999983,1.0,0.0,0.0
2016-03-24,10:28:00,31.13,31.15,30.81,30.9,116935.99999999983,1.0,0.0,0.0
2016-03-24,11:31:00,30.9,31.11,30.85,30.9,45185.999999999825,1.0,0.0,0.0
2016-03-24,12:37:00,30.91,31.06,30.86,31.02,41374.999999999825,1.0,0.0,0.0
2016-03-24,13:44:00,31.01,31.17,30.99,31.1,35089.999999999825,1.0,0.0,0.0
2016-03-24,14:53:00,31.08,31.16,31.01,31.13,47540.999999999825,1.0,0.0,0.0
2016-03-24,15:57:00,31.13,31.2301,31.1,31.21,92066.99999999983,1.0,0.0,0.0
